01010000
01010070
01010500
01011000
01013500
01014000
01015800
01017000
01017060
01017290
01017550
01017960
01018000
01018009
01018035
01018500
01019000
01021000
01021200
01021230
01021452
01021470
01021480
01021500
01022210
01022220
01022260
01022294
01022295
01022330
01022500
01022800
01022835
01022840
01022860
010228955
01027200
01027240
01029100
01029200
01029500
01030000
01030350
01030500
01031300
01031450
01031500
01031510
01033000
01034000
01034500
01036390
01037000
01037380
01038000
01042500
01043500
01044550
01046000
01046500
01047000
01047150
01047200
01048000
01048220
01049000
01049130
01049205
01049265
01049373
01049500
01049550
01052500
01053500
01053600
01054000
01054114
01054200
01054300
01054500
01055000
01055220
01055500
01056400
01056480
01056505
01057000
01059000
01059800
01060000
01063100
01063310
01063452
01064118
01064140
010642505
01064485
01064500
01064801
01065500
01066000
01067851
01067853
01067950
01068910
01069500
01069700
01072800
01072870
01072880
01073000
01073319
01073500
010735562
01073587
01073785
01074520
01075000
01076000
01076500
01077400
01078000
01081000
01081500
01082000
01084000
01085000
01085500
01086000
01087000
01089100
01089500
01089925
01090800
01091000
01091500
01092000
01093800
01093852
01094000
01094400
01094500
01095220
01095375
01095434
01095503
01096000
01096500
010965852
01097000
01097300
01097480
01098500
01098530
01099500
01100000
01100505
01100561
01100568
0110057120
0110057380
01100580
01100600
01100627
01101000
01101500
01102000
01102345
01102500
01103025
01103280
01103455
01103500
01104000
01104200
01104370
01104405
01104410
01104415
01104420
01104430
01104433
01104453
01104455
01104460
01104475
01104480
01104500
01104501
01105000
01105500
011055525
01105554
01105583
01105585
01105600
01105606
01105608
01105638
01105730
01105870
011058756
0110587880
01105880
0110588332
0110588340
011058835951
0110588364
011058837
011058837198
0110588374
01105883757
01105917
01105933
01106000
01106500
01108000
01108320
01108410
01109000
01109060
01109070
01109090
01109220
01109403
01109439
01109659
01109730
01110000
01110095
01110500
01111200
01111208
01111212
01111225
01111230
01111300
01111410
01111500
01112268
01112382
01112500
01113695
01113760
01113895
01114000
01114500
01115098
01115110
01115114
01115120
01115170
01115183
01115184
011151843
01115185
01115187
01115190
01115265
01115275
01115276
01115278
01115280
01115297
01115500
01115630
01115670
01115770
01116000
01116500
01116905
01117000
01117350
011173545
01117370
01117410
01117420
01117430
01117468
01117471
01117500
01117600
01117800
01118000
01118010
01118300
01118360
01118500
01118668
01118700
01119001
01119382
01119500
01120790
01121000
01121330
01122000
01122500
01123000
011230695
01123360
01123600
01124000
01124151
01125000
01125100
01125490
01125500
01127000
01127500
011277905
0112779610
01129200
01129500
01130000
01131500
01133000
01134500
01135100
01135150
01135300
01135500
01137500
01137940
01138500
01139000
01139800
01140817
01141500
01141800
01142500
01144000
01144500
01150900
01151500
01152010
01152500
01153000
01153550
01154000
01154500
01154950
01155500
01155910
01157000
01158000
01158110
01160000
01160350
01161000
01161280
01162000
01162500
01163200
01165000
01165150
01166105
01166500
01168151
01168250
01168500
01168639
01168640
01169000
01169900
01170000
01170100
01170500
01170930
01171000
01171300
01171500
01172003
01172010
01172500
01173000
01173180
01173500
01174500
01174565
01174570
01174575
01174900
01175500
01175670
01176000
01176780
01177000
01179500
01181000
01183500
01184000
01184100
011844548
01184490
01185500
01186000
01186500
01187300
01187800
01188000
01188090
01189000
01189995
01191000
01192500
01192704
01192883
01193050
01193500
01194000
01194500
01195100
01195399
01195490
01196210
01196500
01196561
01196620
01197000
01197145
01197500
01198000
01198125
01199000
01199050
01200000
01200500
01200600
01201487
01202501
01203000
012035055
01203510
01203600
01203805
01204000
01205500
01205600
01205700
01206900
01208171
01208420
01208500
01208873
01208925
01208950
01208990
01209005
01209105
01209500
012095493
01209700
01209761
01209901
01212500
01301500
01302020
01302050
01302125
01303000
01303500
01304000
01304500
01305000
01305500
01306460
01306495
01308000
01308500
01309500
01309950
01309990
01310500
01311500
01311810
0131199050
01312000
01315000
01315170
01315226
01315227
01315500
01318500
01321000
01325000
01327500
01327750
01328770
01329490
01329500
01330000
01330500
01331500
01332000
01332500
01333000
01334000
01334500
01335754
01335755
01336000
01337005
01338000
01339060
01342602
01342682
01342730
01342743
0134277112
0134277114
0134277119
0134277121
0134277123
01343060
01343403
01344795
01346000
01347000
01348000
01349000
01349150
01349527
01349541
01349700
01349705
01349711
01349810
01349840
01349900
01349950
01350000
01350032
01350035
01350080
01350101
01350120
01350140
01350180
01350212
01350355
01350480
01350500
01351200
01351298
01351500
01354083
01354500
01356190
01357500
01358000
01359133
01359135
01359528
01359750
01360640
01361000
01361200
01362090
01362192
0136219503
013621955
01362200
01362230
01362232
01362297
0136230002
01362322
01362336
01362342
01362357
01362368
01362370
01362380
01362465
01362487
01362497
01362500
01363382
01363556
01364500
01365000
01365100
01365500
01365505
01365550
01367500
01367690
01367715
01367800
01367805
01368050
01370520
01371000
01371500
01372051
01372500
0137449480
01374505
01374531
01374559
01374581
01374598
0137462010
01374654
01374701
01374781
01374821
01374890
01374901
01374918
01374930
01374941
01374976
01374987
0137499350
01375000
01376534
01376558
01376800
01377000
01377370
01377500
01378500
01379000
01379500
01379530
01379699
01379700
01379773
01379780
01379790
01379845
01379868
01380000
01380100
01380450
01380500
01381000
01381400
01381500
01381800
01381900
01382170
01382210
01382270
01382385
01382500
01382800
01383500
01384000
01384500
01386000
01387000
01387095
01387400
01387420
01387450
01387500
01387905
01387908
01388000
01388500
01389010
01389500
01389550
01389890
01390450
01390500
01391000
01391102
01391500
01392210
01392500
01393450
01394500
01395000
01396000
01396001
01396091
01396152
01396190
01396500
01396580
01396582
01396660
01396800
01397000
01398000
01398045
01398107
01398500
01398900
01399100
01399190
01399200
01399500
01399510
01399525
01399670
01399690
01399700
01400000
01400300
01400350
01400500
01400730
01401000
01401301
01401650
01402000
01402600
01402630
01403060
01403150
01403160
01403400
01403500
01403535
01403540
01403900
01405000
01405030
01405400
01405500
01406050
01407290
01407500
01407705
01407760
01408000
01408029
01408120
01408150
01408151
01408500
01408900
01409000
01409210
01409280
01409400
0140940810
01409410
01409500
01409810
01410000
01410150
01410225
01410784
01410820
01411000
01411300
01411456
01411485
01411495
01411500
01411800
01412000
01412080
01412800
01413088
01413398
01413408
01413500
01414000
01414500
01415000
01415460
01417000
01417500
01419500
01420500
01420980
01421000
01421500
01421610
01421618
01421900
01422389
01422500
01422738
01422747
01422779
01423000
0142400103
01424108
01424998
01425000
01425805
01426500
01427195
01427207
01427500
01427510
01428000
01428500
01428750
01429000
01429301
01429500
01430000
01431500
01431620
01431683
01431685
01432055
01432110
01432160
01432495
01432900
01433005
01433500
01434000
0143400680
01434013
01434017
01434021
0143402265
01434025
01434072
01434073
01434076
01434080
01434084
01434086
01434087
01434092
01434105
01434176
01434498
01435000
01436000
01436500
01436655
01436690
01437100
01437349
01437400
01437500
01438500
01439500
01439590
01439800
01440000
01440200
01440400
01440485
01441495
01442500
01443280
01443500
01443900
01445000
01445500
01446000
01446500
01446775
01446776
01447500
01447680
01447720
01447800
01448500
01449000
01449360
01449800
01450500
01451000
01451380
01451400
01451420
01451467
01451500
01451630
01451650
01451800
01452000
01452500
01453000
01454700
01455090
01455160
01455290
01455500
01457000
01457500
01457790
01458900
01459500
01460378
01460440
01460500
01460800
01460860
01460880
01461300
01463500
01463620
01463740
01464000
01464290
01464500
01464645
01464710
01464720
01464750
01464899
01464907
01464930
01464984
01465050
01465200
01465500
01465798
01465850
0146587310
01465880
01466500
01466900
01467000
01467024
01467031
01467036
01467039
014670413
01467042
01467048
01467081
01467086
01467087
01467150
01467200
01467471
01467492
01468500
01469500
01469700
01470500
01470755
01470756
01470761
01470779
01470853
01470960
01471000
01471510
01471875
01471980
01472000
01472157
01472198
01472199
01472620
01472810
01473000
01473120
01473169
01473470
01473500
01473730
01473900
01474000
01474500
01475000
01475001
01475300
01475510
01475530
01475548
01475850
01476480
01477000
01477070
01477120
01477800
01478000
01478100
01478120
01478137
01478185
01478220
01478245
01478650
01478950
01479000
01479197
01479676
01479678
01479820
01480000
01480015
01480017
01480095
01480300
01480400
01480500
01480617
01480629
014806318
01480637
01480638
01480675
01480685
01480700
01480777
01480870
01480878
01480887
01481000
01481500
01482100
01482500
01482695
01483153
01483155
01483165
01483170
01483200
01483500
01483670
01483700
01484000
01484018
01484050
01484080
01484085
01484100
01484270
01484500
01484525
01484534
01484600
01484654
01484668
01484695
0148471320
01484719
01484800
01484981
01484983
01484985
01485000
01485500
01486000
01486500
01487000
01487060
01487150
01487195
01487500
01487698
01488500
01490000
01490140
01491000
01491500
01492500
01493000
01493112
01493500
01494150
01494850
01495000
01496200
01498620
01500000
01500500
01502000
01502500
01502632
01502731
01503000
01505000
01505810
01507000
01509000
01510000
01512500
01513500
01513550
01513831
01514000
01514850
01515000
01516350
01516500
01518000
01518420
01518700
01518862
01519200
01520000
01520500
01521500
01523500
01524500
01525500
01525981
01526500
01527500
01528000
01529500
01529950
01530332
01530500
01530620
01531000
01531250
01531325
01531500
015319015
01531908
01532000
01533400
01534000
01534300
01534500
01534860
01536000
01536500
01537000
01537524
01537535
01537544
01537560
01538000
01538510
01538700
01539000
01540500
01541000
01541200
01541248
01541303
01541500
01542500
01542810
01543000
01543500
01543693
01543700
01544000
01544500
01545000
01545500
01545600
01545800
01546400
01546500
01547100
01547200
01547500
01547700
01547950
01548005
01548030
01548303
01548500
01549500
01549700
01549760
01550000
01551500
01552000
01552500
01553025
01553500
01553700
01553850
01554000
01555000
01555400
01555500
01555539
01556000
01557500
01558000
01558098
01559000
01559795
01560000
01562000
01563200
01563500
01564500
01564512
01564895
01565000
01566000
01567000
01567500
01568000
01568500
01568750
01569730
01569740
01569775
01569800
01570000
01570010
01570030
01570060
01570500
01571000
01571005
01571184
01571500
0157155014
01571778
01571820
01572025
01572190
01572950
01573000
01573095
01573160
01573208
01573482
01573560
01573660
01573684
01573695
01573710
01573810
01573816
01573825
01573849
01574000
01574500
01575000
01575500
01575585
01575598
01575900
01576000
01576007
01576045
0157608335
01576085
01576381
01576500
01576516
015765185
015765195
01576520
01576521
015765265
01576527
01576529
01576540
01576697
01576754
01576767
01576787
01577300
01577500
01578310
01578475
01580000
01580520
01580700
01581500
01581590
01581649
01581690
01581700
01581750
01581752
0158175320
01581757
01581810
01581830
01581870
01581920
01581940
01581960
01582000
01582500
01583000
01583100
01583500
01583570
01583580
01583600
01583800
0158397967
01583980
01584050
01584500
01585075
01585090
01585095
01585100
01585104
01585105
01585107
01585200
01585219
01585225
01585230
01585400
01585500
01586000
01586210
01586610
01589000
01589025
01589035
01589100
01589180
01589197
01589230
01589238
01589290
01589300
01589305
01589312
01589315
01589316
01589317
01589320
01589330
0158935180
01589352
01589440
01589464
01589478
01589485
01589500
01589501
01589512
01589795
01590500
01591000
01591400
01591610
01591700
01592500
01593370
01593450
01593500
01593710
01594000
01594400
01594440
01594526
01594670
01594710
01594800
01594930
01594936
01594950
01594963
01595000
01595200
01595300
01595500
01595800
01596050
01596500
01597000
01597500
01598500
01598650
01599000
01600000
01601000
01601100
01601500
01603000
01604500
01605500
01606000
01606500
01607500
01608000
01608070
01608500
01609000
01610000
01610155
01610400
01611500
01613000
01613030
01613050
01613095
01613525
01613900
01614000
01614137
01614500
01614830
01615000
01616000
01616100
01616400
01616425
01616500
01617000
01617800
01618000
01618100
01619000
01619500
01620500
01621050
01621410
01621470
01622000
01624800
01625000
01626000
01626850
01627500
01628060
01628500
01629500
01630700
01631000
01632000
01632082
01632900
01633000
01634000
01634500
01635090
01635500
01636242
0163626650
01636316
01636464
01636500
01636690
01636845
01636846
01637500
01638350
01638420
01638480
01638500
01639000
01639140
01639500
01640152
01640965
01640970
01640980
01641000
01641500
01641510
01642190
01642198
01642199
01642438
01642600
01643000
01643395
01643495
01643500
01643580
01643590
01643700
01643805
01643880
01644000
01644280
01644371
01644372
01644375
01644380
01644388
01644390
01644600
01645000
01645200
01645704
01645762
0164578734
0164579522
01646000
01646305
01646500
01647850
01648000
01648010
01648011
01649150
01649190
01649500
01650500
01650800
01651000
01651003
01651730
01651760
01651770
01651800
01651827
01652090
01652500
01652620
01653000
01653521
01653600
01653620
0165389205
01654000
01654107
01654500
01654670
01655794
01656000
01656100
01656102
01656120
01656903
01657850
01657885
01657895
01658000
01658500
01658698
01658705
01659000
01659500
01660000
01660100
01660380
01660400
01660500
01660920
01661050
01661500
01661977
01662800
01663500
01664000
01665000
01665500
01666500
01667500
01668000
0166818623
0166818985
01668500
01669000
01669520
016701405
01670200
01670230
01670400
01671020
01671025
01671100
01671200
01672500
01673000
0167300055
01673550
0167357970
01673638
01673800
01674000
01674182
01674500
01677000
02011400
02011460
02011470
02011490
02011500
02011800
02013000
02013100
02014000
02015700
02016000
02016500
02017500
02018000
02018500
02019500
02020500
02021500
02022500
02024000
02024752
02024915
02025500
02025652
02026000
02027000
02027500
02027800
02028500
02029000
02030000
02030500
02031000
02032250
02032400
02032515
02032640
02032680
02034000
02035000
02036500
02037000
02037500
02038000
02038850
02039000
02039500
02040000
02040892
02041000
02041650
02042222
0204228301
02042287
02042426
02042500
0204278995
0204309906
02043120
02043190
02043200
02043270
02043410
02043415
0204343500
02043500
0204382800
02044500
02045320
02045500
02046000
02047000
02047370
02047500
02047783
02049500
02050000
02051000
02051190
02051500
02052000
02052090
02052500
02053200
02053500
0205356401
02053800
02054500
02054510
02054530
02055000
02055100
02055379
0205551460
0205551614
02056000
02056650
02056900
02058400
02059485
02059500
02060500
02061000
02061500
02062500
02064000
02065500
02066000
02068500
02069000
02069700
02070000
02070500
02071000
02071530
02072000
02072500
02073000
02074000
0207428225
02074500
02075000
02075045
02075160
02075500
02076000
02076500
02077000
02077200
02077303
02077500
02077670
02079640
02080500
02081022
02081054
0208111310
02081500
02081747
02081942
0208250410
02082585
02082731
02082770
02082950
02083000
02083500
0208378372
02083800
02083833
0208397625
0208397626
02084000
02084160
02084164
0208423100
02084557
0208458600
0208458800
0208463120
02084909
02085000
02085070
0208521324
02085220
0208524090
0208524975
02085500
02086500
0208650112
02086624
0208675010
02086799
02086849
0208700780
02087183
0208721055
0208721290
0208725600
0208726005
0208726100
0208726835
0208726990
02087275
0208730025
02087324
0208732534
0208732593
0208732810
0208732885
02087337
0208734210
0208734220
0208734795
0208735012
0208735550
02087359
0208739678
0208741400
02087500
02087570
02087580
0208758850
0208762750
0208773375
02088000
02088383
02088470
02088500
02089000
0208925200
02089500
02090380
02090504
02090625
02090960
0209096970
02091000
02091500
02091700
0209173150
0209173190
0209173192
0209173200
02091736
02091737
02091814
02091970
02092000
0209205053
02092500
02092554
0209257120
02093000
0209303205
02093229
0209330990
0209331325
02093800
02093877
0209387778
0209399200
02094412
02094500
02094659
02094770
02094775
02095000
02095181
02095271
02095500
0209553650
02096500
02096846
0209691590
0209691611
02096960
0209722970
0209725960
02097280
02097314
0209734440
0209736050
02097386
0209741090
0209741955
02097464
02097517
0209782609
02098198
02098206
02099000
02099500
02100500
0210106600
0210166029
02101726
02101800
02102000
02102094
02102192
02102500
02102897
02102907
02102908
02103000
0210307880
02103770
0210382325
0210398250
02104000
02104220
02104320
02105500
02105769
02105900
02106000
02106500
02107000
02107544
0210782005
0210783230
0210783240
0210783273
0210783276
0210789100
0210797940
02108000
02108548
02108566
02109500
02110400
02110500
02110550
02110701
02110760
02110777
021108044
02110815
02111000
02111180
0211139110
02111500
02112000
02112120
02112250
02112360
02113000
02113500
02113850
02114450
02115360
02115860
02115900
02116500
02118000
02118500
02120780
02121180
02121500
02123500
02123567
02123629
0212378405
0212393300
02124080
0212414900
0212419274
02124269
0212427947
0212429930
0212429960
0212430293
0212430653
0212433550
02124471
0212466000
0212467451
0212467595
02124692
02124742
02125000
02125816
02126000
02128000
02129000
02129590
02130000
02130561
02130840
02130900
02130910
02130980
02131000
02131010
02131150
02131309
02131320
021313485
02131455
02131472
02131500
02132000
0213228795
02132320
02132500
02133500
02133624
02134170
02134480
02134500
02134900
02135000
02135060
02135200
02135210
02135300
02135500
02135520
02135625
02136000
02136030
02136358
02136361
02137727
02138500
02138520
02138816
0213903612
02140991
02141245
0214183365
0214192500
0214196125
02142000
0214244102
0214253361
0214253830
02142654
0214265808
0214265828
0214266000
0214266080
0214269560
02142900
02142914
0214291555
0214295600
0214297160
02143000
02143040
02143500
0214399575
0214399580
02144000
02145000
02145268
02145642
021457492
02145910
021459367
02146000
02146110
0214620760
02146211
0214627970
02146285
02146300
02146315
02146348
02146381
02146409
0214642825
0214643820
0214645022
0214645075
0214645080
02146470
02146507
02146530
0214655255
02146562
02146579
0214657975
02146600
02146670
02146700
02146750
0214676115
0214677974
0214678175
0214678230
02146800
02146820
0214685800
02146900
02147000
02147020
02147126
021473415
021473423
021473426
021473428
021473470
02147403
02147500
02147801
02148000
02148071
02148300
02148315
02149000
02150495
02151000
02151500
02152100
02152285
02152474
02152610
02153200
0215329875
02153500
02153525
02153551
02153590
021536097
02153680
02153700
02153780
02153800
02154500
02154790
02155500
021556525
02155800
02156050
02156300
02156301
02156350
02156370
021563931
02156409
021564493
02156450
02156500
021569983
02156999
02157000
02157470
02157475
02157490
02157510
02157530
021584051
02158408
02158410
02159500
02159810
02160000
02160105
02160200
02160300
02160325
021603257
02160326
02160381
02160390
02160700
021607224
02160775
02161000
02161700
02162010
02162035
02162093
02162103
021622845
021622847
02162287
02162290
02162350
021623950
021623957
0216239615
021623975
021624101
02162500
02162550
02162700
02163001
021630967
02163500
02164000
02164110
02165000
021650905
02165200
021652801
02166501
02166970
02167000
021671101
02167450
02167557
02167563
02167582
021677037
02167705
021677090
021677129
02168504
02168810
02169000
02169500
02169505
02169570
02169625
02169630
02171500
02171645
02171680
02171700
02172002
02172035
02172040
021720603
021720612
021720677
021720698
02172080
021722801
02172300
02172305
0217252503
02172558
02172640
021727610
02173000
02173030
02173051
02173212
02173299
02173351
02173500
02174000
02174055
02174250
02175000
02175025
02175148
02175445
02175500
02176500
02176517
02176930
02177000
02178400
02180400
02181350
02181580
02184475
02185010
02185200
02186000
02186090
02186645
02186699
02186702
02187252
02187910
02188600
02191227
02191300
02191740
02191743
02192000
02192500
02192830
02193340
02193500
02195150
02195320
02195470
02196000
02196250
021964832
02196484
02196485
02196670
02196689
02196690
02196835
021968385
02197000
02197020
02197300
021973005
021973007
021973008
021973011
021973012
021973026
021973028
021973055
02197306
02197309
02197310
02197315
02197320
02197321
02197323
02197324
02197326
021973269
02197330
021973305
02197331
02197332
02197334
02197336
02197338
02197339
02197340
021973405
02197342
021973424
021973426
02197344
02197345
021973455
021973471
02197348
02197351
021973515
021973525
021973537
02197354
021973561
021973565
02197362
02197380
02197400
02197500
02197520
02197598
02197600
02197830
02198000
02198100
02198375
02198500
02198690
02198759
02198810
02198840
02198920
02198950
02198955
021989773
021989792
02198980
02200120
02201000
02201230
02202040
02202190
02202500
02202600
02202680
02203000
02203518
02203536
02203557
02203655
02203700
02203800
02203831
02203863
02203873
02203900
02203950
02203960
02204037
02204070
02204118
02204130
02204285
02204520
02205522
02205865
02206500
02207120
02207135
02207160
02207185
02207220
02207335
02207385
02207400
02207418
02207435
02207448
02208000
02208050
02208130
02208150
02208450
02208485
02208487
02208493
02209000
02209360
02210500
02211375
02211800
02212600
02212735
02213000
02213050
02213500
02213700
02214075
02214590
02215000
02215100
02215260
02215500
02215900
02216180
02217274
02217297
02217475
02217500
02217615
02217643
02217770
02218300
02218565
02218900
02219000
02220788
02220900
02221525
02223000
02223056
02223110
02223190
02223248
02223360
02223382
02223500
02224500
02224940
02225000
02225270
02225500
02226000
02226100
02226160
02226362
02226500
02227270
02227500
02228000
02228070
02228500
02231000
02231175
02231254
02231291
02231322
02231342
02231396
02231454
02231600
02232000
02232155
02232200
02232400
02232415
02232500
02233104
02233200
02233475
02233484
02233500
02234000
02234010
02234308
02234324
02234344
02234384
02234400
02234435
02234440
02234500
02234990
02235000
02235200
02236000
02236122
02236125
02236350
02236500
02236605
02236700
02236900
02237293
02237698
02237700
02237734
02238000
02238500
02239000
02239501
02239510
02239600
02240000
02240500
022409424
02241000
02243000
02243960
02244040
02244333
02244440
02245260
02245500
02246000
02246160
022462002
02246318
02246459
02246500
02246515
02246518
02246621
02246751
02246804
02246825
02247222
02247258
02247509
02247510
02247598
02248000
02248025
02248030
02248350
02248380
02248600
02248650
02248660
02248900
02249007
02249500
02250030
02250500
02250702
02251000
02251500
02251767
02252500
02253000
02253500
02255600
02256500
02257000
02257030
02257750
02257790
02258000
02258800
02259100
02259627
02262900
02263692
02263800
02263869
02264000
02264003
02264030
02264051
02264060
02264100
02264141
02264495
02266025
02266200
02266205
02266291
02266293
02266295
02266299
02266300
02266480
02266496
02266500
02267000
02268390
02269160
02269520
02270000
02270500
02270805
02271500
02272500
02272502
02272650
02272676
02273198
02273230
02273630
02274005
02274010
02274325
02274490
02274505
02275197
02275503
02275606
02275625
02275631
02275705
02276877
02276998
02277600
02280500
02281200
02283500
02286400
02287497
02288600
02288800
02288900
022889001
02289019
02289035
02289041
02289054
02289056
02289060
02289080
02289085
02289500
0229070825
022907085
0229070854
022907647
02290765
02290766
02290767
02290768
02290769
022908205
022908295
02290878
02290888
02290918
02290942
02290947
022909471
02291000
02291001
02291500
02291524
02291580
02291597
02291669
02291673
02291710
02291715
02291717
02292010
02292490
02292740
02292780
02292900
022929176
02293055
02293090
02293214
02293230
02293240
02293241
02293243
02293262
02293263
022933442
02293345
022933452
02293346
022933462
02293347
02293348
02293349
02293350
02293987
02294161
02294217
02294260
02294261
02294290
02294330
02294405
02294491
02294650
02294655
02294747
02294760
02294775
02294781
02294898
02295013
02295163
02295194
02295420
02295520
02295580
02295637
02296057
02296222
02296260
02296389
02296500
02296750
02297100
02297105
02297153
02297155
02297220
02297251
02297290
02297310
02297600
02297635
02298110
02298123
02298170
02298202
02298488
02298492
02298495
02298527
02298530
02298554
02298556
02298608
02298760
02298830
02298880
02298928
02299060
02299120
02299160
02299410
02299450
02299455
02299472
02299482
02299680
02299681
02299684
02299692
02299710
02299737
02299741
02299742
02299780
02299861
02299950
02300017
02300018
02300032
02300033
02300034
023000355
02300036
02300037
02300038
02300039
02300050
02300056
02300062
02300075
02300082
02300100
02300210
02300300
02300500
02300530
02300700
02300882
02301000
02301150
02301300
02301328
02301405
02301500
02301695
02301718
02301719
02301738
02301740
02301745
02301750
02301793
02301900
02301988
02301990
02302010
02302280
02302500
02303000
02303180
02303205
02303300
02303330
02303348
02303350
02303400
02303410
02303420
02303800
02304000
02304500
02304510
02305780
02305851
02306500
02306647
023066535
02306654
02306660
02306774
02306950
02307000
02307200
02307323
02307359
02307445
02307496
02307498
02307668
02307671
02307672
02307673
02307674
02307731
02307780
02308865
02308931
02308935
02308950
02309200
02309415
02309421
02309425
02309445
02309447
02309740
02309848
02309980
02310000
02310147
02310240
02310280
02310286
02310288
02310300
02310308
02310356
02310368
02310525
02310545
02310650
02310689
02310700
02310740
02310750
02310947
02311000
02311500
02312000
02312180
02312200
02312300
02312500
02312558
02312598
02312600
02312640
02312645
02312667
02312675
02312700
02312720
02312722
02312762
02313000
02313098
02313100
02313200
02313230
02313250
02313700
02314274
023142741
02314500
02315000
02315005
02315200
02315500
02315520
02315550
02315920
02316000
02317500
02317620
023177483
02317755
02317797
02318000
02318380
02318500
02318700
02319000
02319300
02319394
02319500
02319800
02320000
02320500
02320700
02321000
02321500
02321898
02321900
02321958
02321975
02322016
02322049
02322050
02322500
02322616
02322700
02322800
02323000
02323500
02323592
02324000
02324032
02324170
02324400
02324500
02325000
02325495
02325532
02325543
02326000
02326050
02326280
02326372
02326500
02326512
02326526
02326825
02326828
02326834
02326835
02326836
0232683601
0232683603
02326838
02326842
02326845
02326865
02326885
02326900
02326993
02326995
0232701150
02327012
023270128
02327013
0232701370
02327014
02327015
02327016
02327017
02327022
02327031
02327033
02327100
02327355
02327500
02328522
02329000
02329161
02329181
02329184
02329186
02329342
02329500
02329534
02329558
02329600
02330000
02330100
02330150
02330400
02330450
02331000
023312495
02331600
02332830
02333500
02334430
02334480
02334578
02334620
02334653
02334885
02335000
02335075
02335078
02335350
02335450
02335580
02335700
02335757
02335790
02335815
023358685
02335870
02335880
02335910
02336000
02336030
02336106
02336120
02336152
023362095
02336240
02336300
02336313
02336340
02336360
02336410
02336490
02336517
02336526
02336635
02336644
02336658
02336728
02336840
02336870
02336910
02336968
02336986
02337000
02337040
02337170
02337197
02337260
02337410
02337498
02337500
02338000
02338500
02338523
02338660
02338840
02339495
02339500
02341460
02341500
02341505
02341665
02341725
02341750
02341800
02341910
02342070
02342500
02342850
02342881
02342937
02343225
023432415
02343805
02343940
02344143
02344280
02344325
02344350
02344396
02344424
02344478
02344500
02344605
02344620
02344630
02344655
02344673
02344700
02344724
02344736
02344748
02344872
02346180
02346310
02347500
02349500
02349605
02349900
02350080
02350512
02350600
02350900
02351500
02351890
02352500
02353000
02353265
02353400
02353500
02354350
02354410
02354440
02354475
02354500
02354800
02355350
02355662
02356000
02356638
02356980
02357000
02357150
02358000
02358700
02358754
02358784
02358789
02359000
02359170
02359224
02359315
02359500
02361000
02361500
02362240
02363000
02364500
02365200
02365470
02365500
02365769
02366000
02366500
02366650
02366996
02367006
02367310
02367900
02368000
02368326
02368500
02369000
02369600
02369800
02370000
02370500
02370700
02371500
02372250
02372422
02372430
02373000
02374050
02374250
02374500
02374700
02374745
02374950
02375000
02375500
02376000
02376033
02376100
02376115
02376140
02376293
02376300
02376500
02377570
02378170
02378185
02378300
02378500
0237854520
02378780
02378790
02379500
02380500
02381090
02381600
02381950
02382000
02382200
02382500
02382610
02383180
02383500
02384500
02384540
02385170
02385500
02385800
02387000
02387500
02387600
02388320
02388350
02388500
02388900
02388975
02389050
02389150
02390000
02390050
02390140
02391540
02391840
02391860
02392000
02392360
02392780
02392920
02392950
02392975
02393377
02393419
02394000
02394515
02394612
02394670
02394682
02394820
02394958
02395000
02395120
02395980
02396000
02397000
02397410
02397500
02397530
02398000
02398037
02398300
02399200
02400100
02400496
02400680
02401000
02401330
02401390
02401895
02403170
02403310
02404400
02405500
02406500
02406930
02407000
02407514
02408150
02408540
02411590
02411930
02412000
02413000
02413205
02413210
02413215
02413300
02414300
02414500
02414715
02415000
02416360
02418230
02418760
02419000
02419670
02419790
02419890
02420000
02421000
02421480
02422500
02423110
02423130
02423160
02423380
02423397
02423400
02423414
02423425
02423496
02423500
02423545
0242354650
0242354750
02423555
02423571
02423586
02423630
02423647
02423800
02424000
02425000
02427020
02427250
02428400
02429000
02429540
02429900
02429949
02429955
02429980
02430085
02430100
02430161
02430615
02430626
02430680
02430880
02431000
02431011
02431410
02432500
02433151
02433496
02433500
02435020
02436500
02437000
02437100
02438000
02439400
02440500
02441300
02441390
02442500
02443000
02443500
02444160
02446500
02447025
02448000
02448500
02449838
02449882
02450000
02450180
02450250
02450825
02452505
02453000
02453500
02454000
02454055
02455000
02455185
02455980
02456000
02456500
02457000
02457595
02457704
02458148
02458190
02458300
02458450
02458502
02458600
02460500
02461130
02461192
02461405
02461500
02461630
02461640
02462000
02464000
02464146
02465000
02465080
02465205
02465292
02465493
02466030
02466500
02467000
02467200
02467500
02469500
02469525
02469761
02469762
02469800
02470072
02471001
0247100550
02471013
02471078
02472000
02472500
02472850
02472980
02473000
02473460
02473500
02473850
02474500
02474560
02474600
02475000
02475500
02476500
02476600
02477000
02477045
02477500
02478500
02479000
02479130
02479155
02479160
02479300
02479310
02479431
02479500
02479560
02479945
02479980
02480002
02480020
0248018020
02480345
02481000
02481510
02481660
02481880
02481960
02481984
02482000
02482470
02482550
02483000
02483001
02483500
02484000
02484500
02484600
02484630
02484650
02484760
02485498
02485650
02485700
02485735
02486000
02486100
02486350
02486900
02487500
02487630
02488000
02488500
02488700
02489000
02489500
02490500
02491800
02492000
02492110
02492111
02492343
02492360
02492700
03007800
03009680
03010500
03010655
03010747
03010820
03011020
03011800
03012550
03013000
03014500
03015000
03015310
03015500
03015795
03016000
03017500
03020000
03020500
03021350
03021410
03021520
03022540
03022554
03023100
03024000
03025500
03026500
03027500
03028000
03028500
03029000
03029500
03030500
03031500
03031882
03032500
03034000
03034500
03036000
03036500
03037525
03038000
03039000
03039925
03040000
03041029
03041500
03042000
03042280
03042500
03044000
03044810
03045000
03047000
03048500
03048900
03049000
03049500
03049646
03049658
03049800
03049807
03049819
03050000
03050500
03051000
03052000
03052120
03052450
03052500
03053500
03054500
03056000
03056250
03057000
03058000
03058500
03058975
03061000
03061500
03062235
03062400
03062500
03065000
03065400
03066000
03067510
03068800
03069500
03069870
0307020015
03070260
03070420
03070500
03072000
03072500
03072655
03073000
03074500
03075500
03075590
03075800
03075825
03075850
03075905
03076100
03076500
03076600
03076700
03076800
03077500
03078000
03079000
03080000
03081000
03081500
03081800
03082190
03082500
03083500
03084000
03084698
03084800
03085000
03085049
030850498
03085100
03085213
03085500
03085947
03085956
03086000
03086500
03090500
03091500
03092000
03092090
03092460
03093000
03094000
03094704
03095500
03097550
03098406
03098500
03098513
03098600
03098700
03099500
03101500
03102500
03102850
03102950
03103500
03105500
03105927
03106000
03106300
03106500
03107500
03107698
03108000
03108010
03109500
03110000
03110830
03111200
03111215
03111235
03111500
03111548
03111675
03111705
03111890
03111955
03112000
03112782
03113990
03114000
0311404647
03114094
03114250
03114283
03114306
03114350
03114431
03114500
03115400
03115644
03115712
03115786
03115917
03115969
03115970
03115971
03115973
03116000
03116077
03116196
03117000
03117500
03118000
03118131
03118299
03118500
03120500
03121500
03122500
03124000
03124500
03124800
03125900
03126000
03126910
03127000
03127500
03128500
03129000
03129197
03130000
03130647
03131122
03131500
03131965
03131982
03133500
03135000
03136175
03136500
03138500
03139000
03140000
03140500
03141500
03141870
03142000
03143500
03144000
03144500
03144816
03145000
03145173
03145483
03145534
03146000
03146277
03146402
03146405
03146500
03147500
03149500
03150000
03150300
03150500
03151400
03151600
03151915
03152000
03154000
03155000
03155220
03156400
03157000
03157500
03158195
03158200
03159246
03159500
03159510
03159540
03159718
03159823
03161000
03164000
03165000
03165500
03166800
03167000
03167500
03168000
03170000
03171000
03173000
03175100
03175500
03176500
03177120
03177480
03177710
03178000
03179000
03180500
03181949
03182500
03182700
03183000
03183500
03184000
03184500
03185000
03185400
03186500
03187500
03188900
03189100
03189600
03190000
03190307
03190400
03191500
03192000
03192200
03193000
03194700
03196600
03196800
03197000
03197062
03197790
03197950
03198000
03198350
03198500
03198690
03199000
03200500
03201000
03201405
03201902
03201929
03201947
03201980
03202000
03202300
03202400
03202750
03202928
03203000
03203600
03204205
03204210
03204215
03204220
03204346
03204500
03205470
03206600
03207020
03207061
03207800
03207965
03208500
03208950
03209000
03209200
03209410
03209500
03209800
03210000
03212500
03212640
03212750
03212980
03213000
03213500
03213700
03214500
03215410
03216070
03216350
03216500
03216540
03216600
03216777
03217000
03217424
03217500
03219500
03219590
03219781
03220000
03221000
03221646
03223000
03223425
03225500
03226800
03227107
03227500
03228300
03228500
03228560
03228689
03228750
03228805
03229000
03229500
03229610
03229796
03230310
03230427
03230450
03230500
03230700
03230800
03230900
03231000
03231500
03232000
03232470
03232500
03234000
03234300
03234500
03237020
03237041
03237060
03237250
03237255
03237280
03237500
03237900
03238140
03238495
03238500
03238745
03238772
03238780
03238785
03240000
03241500
03244936
03245500
03246500
03247050
03247500
03248300
03249500
03250000
03250100
03250190
03250310
03250322
03250500
03251000
03251200
03251500
03251900
03251980
03252000
03252300
03252500
03253000
03253500
03254480
03254520
03254550
03254693
03255000
03255349
03255420
03255500
03259000
03259757
03259813
03260015
03260050
03260100
03260270
03260502
03260600
03260700
03260706
03261500
03261890
03261950
03262000
03262001
03262500
03262700
03263000
03264000
03265000
03266000
03266560
03267000
03267900
03269500
03269817
03270000
03270500
03271000
03271300
03271500
03271601
03271620
03271800
03272000
03272100
03272700
03274000
03274166
03274650
03274750
03274950
03275000
03275500
03275600
03276500
03276700
03277075
03277130
03277200
03277300
03277500
03280000
03280600
03280700
03280902
03281000
03281100
03281500
03282000
03282040
03282060
03282075
03282100
03282120
03282290
03282500
03283370
03283500
03284000
03284230
03284500
03284520
03284525
03284530
03284533
03284552
03284555
03285000
03285200
03285290
03285335
03286200
03286500
03287000
03287250
03287500
03287580
03287590
03287600
03288100
03288110
03288180
03288190
03288200
03289000
03289193
03289200
03289300
03289500
03290080
03290500
03291000
03291500
03291780
03292460
03292470
03292474
0329247450
03292475
03292480
03292494
03292500
03292550
03293000
03293500
03293510
03293530
03294000
03294500
03294550
03294570
03295400
03295702
03295890
03297800
03297845
03297900
03298000
03298135
03298150
03298200
03298242
03298250
03298300
03298500
03298550
03298940
03299000
03299500
03300400
03301000
03301500
03301700
03301900
03301940
03302000
03302030
03302050
03302110
03302220
03302300
03302500
03302680
03302800
03303000
03303205
03303280
03303300
03303400
03305000
03306000
03307000
03307260
03308500
03309000
03310000
03310300
03310400
03311500
03311600
03312255
03312259
03312765
03313000
03313700
03314000
03314500
03315500
03316275
03316500
03318800
03319000
03319600
03320000
03320500
03321210
03321350
03321500
03322011
03322360
03322485
03322500
03322900
03322985
03323000
03323587
03324000
03324095
03324112
03324200
03324300
03325000
03325311
03325500
03325519
03326070
03326500
03327500
03327503
03327507
03327520
03327528
03328000
03328430
03328500
03329000
03329400
03329700
03330241
03330500
03331110
03331224
03331500
03331753
03332345
03332349
03332555
03332605
03333050
03333450
03333600
03333700
03334000
03334500
03335000
03335500
03335671
033356725
03335673
03335677
03335678
033356786
03335679
03335680
033356848
03335690
03335960
03336000
03336645
03336890
03336900
03337000
03337100
03337570
03338780
03339000
03339108
03339273
03339280
03339305
03339500
03340500
03340800
03340900
03341300
03341315
03341500
03341558
03342000
03342100
03342244
03342500
03343010
03343350
03343400
03343820
03345500
03346000
03346500
03347000
03347500
03348000
03348020
03348100
03348130
03348350
033483827
03349000
03349210
03349510
03350500
03350655
03350660
03350700
03350800
03351000
03351072
03351201
03351310
03351350
03351400
03351500
03351710
033521504
03352162
03352500
03352875
03352953
03352988
03353000
03353120
03353180
03353200
03353415
03353420
03353430
03353451
03353460
03353500
03353551
03353560
03353583
03353600
03353611
03353620
03353630
03353635
03353636
03353638
03353670
03353700
03353800
03353885
03353890
03353910
03354000
03354500
03357000
03357330
03357350
03357500
03358000
03360000
03360500
03360600
03360652
03360730
03360895
03361000
03361109
03361440
03361500
03361605
03361617
03361630
03361632
03361638
03361650
03361850
03361872
03362000
03362500
03363000
03363500
03363900
03364000
03364042
03364200
03364500
03364650
03365500
03365575
03366200
03366500
03368000
03369000
03369500
03371500
03371520
03371600
03371650
03372300
03373500
03373508
03373530
03373560
03373610
03373686
03373700
03373980
03374000
03374100
03374455
03375500
03375800
03376300
03376350
03376500
03377500
03378000
03378500
03378550
03378635
03379500
03380475
03380500
03381500
03381700
03382100
03383000
03384100
03384450
03399800
03400500
03400785
03400800
03400986
03401000
03401428
03401450
03402900
03403500
03403910
03404000
03404500
03404900
03406500
03407500
03407908
03408500
03409500
03410210
03410500
03410590
03410600
03413200
03414078
03414100
03414170
03414500
03415000
03416000
03417500
03418000
03418070
03418224
03419530
03421000
03422500
03423000
03423152
03423400
03424730
03424860
03425000
03425290
03425520
03425622
03426385
03426387
03426470
03427500
03427690
03428043
03428200
03428500
03429498
03430147
03430200
03430550
03431000
03431040
03431060
03431100
03431300
03431500
03431517
03431530
03431599
03431600
03431655
03431700
03431745
03431790
03431800
03432100
0343233905
03432350
034323531
03432376
03432387
03432390
03432400
034324715
03432472
03432504
034325065
03432516
03432522
03433500
03433637
034336392
03433640
03434500
03435000
03435105
03435770
03435970
03436000
03436100
03436420
03436426
03436690
03436700
03437480
03437495
03439000
03440000
03441000
03441440
03443000
03446000
0344632850
03447687
0344789265
03447894
03448000
03448068
0344878100
03448800
0344894205
03450000
03451000
03451500
03451510
03451690
03453000
03453500
03454500
03455000
03455500
0345577330
03456100
0345638607
03456500
03456991
03459500
03460000
03460795
03461500
03463300
03465500
03466208
03466228
03466500
03467000
03467609
03469175
03469251
03470000
03471500
03473000
03474000
03475000
03478400
03479000
0347927162
0347927164
03485500
03486000
03486311
03488000
03490000
03490500
03491000
03491544
03495005
03495405
03495500
03497300
03498500
03498850
034991105
034991109
03499175
03500000
0350011450
03500240
03501500
03503000
03504000
03505550
03508050
03508910
03509000
03510577
03512000
03513000
0351706800
03518100
03518500
03524000
03524500
03524550
03526000
03527000
03527220
03528000
03529500
03530500
03531500
03532000
03535000
035351830
03535200
03535400
03535618
03536320
03536380
03536440
03536450
03536550
03537100
03538230
03538235
035382672
035382673
03538270
03538272
03538273
03538830
03538845
03538865
03538970
03539600
03539778
03539800
03540500
03543500
03544947
03544970
03548330
03548500
03550000
03550500
03558000
03559500
03560500
03563000
03564500
03565442
03565500
03566000
03566420
03566525
0356653019
03566535
03566700
03567340
03567500
03568000
03568400
03568933
03569190
03570835
03571000
03572110
03572153
03572690
03572900
03573182
03574100
03574500
03574768
0357479650
03575000
03575100
0357526200
03575272
0357568650
0357568980
03575700
03575830
0357586650
0357587090
0357587140
0357587400
0357587728
03575890
0357591500
03575950
03575980
03576148
03576250
03576500
03577000
03577119
03577225
03578000
03578500
03579040
03579620
03580995
03582000
035825882
03584020
03584045
03584600
03585269
03586500
03587320
03588000
03588500
03589500
03590000
03590945
03591800
03592000
03592500
03592718
03593800
03594421
03595100
03596000
03596100
03597210
03597590
035977607
03597860
03597898
03598000
03598165
0359816545
03598169
03598173
03598177
03598185
03598250
03599000
03599100
03599240
03599250
03599407
03599408
03599419
03599450
03599500
03600088
03600258
03600358
03601600
03601630
03601990
03602219
03602500
03603000
03604000
03604400
03605078
03606500
03610000
03610200
03610545
03611260
03611500
03611800
03611850
03611900
03612000
03612600
03613000
04001000
04010500
04010505
04010510
04010520
04010528
04014500
04015330
04015410
04015438
04021520
04024000
04024098
04024430
040244533
040244534
04025500
04026005
04026157
04026160
040263205
040263491
04026390
04026450
04026511
04026561
040265935
040265981
04026740
04026859
04026900
04027000
04027500
04027595
040276505
04027655
04031000
04032000
04032150
040325155
04033000
04033500
04034500
04035500
04036000
04037500
04039500
04040000
04040260
04040304
04040500
04041500
04043016
04043021
04043050
04043097
04043126
04043140
04043150
04043238
04043244
04043275
04043800
04044003
040445315
04044599
04044724
04044755
04045500
04046000
04052500
04052600
04056500
04057000
04057004
04057510
04057800
04057813
04057814
04058100
04058200
04059000
04059034
04059500
04059750
04060500
04060993
04061000
04061500
04062000
04062011
04062100
04062200
04062500
04063000
04063500
04063522
04063700
04064500
04065106
04065650
04065722
04066000
04066003
04066030
04066500
04066800
04067500
04067651
04067958
04069416
04069500
04071000
04071765
04071795
04071858
04072076
04072150
04072410
04072845
04073240
04073365
04073457
04073458
040734605
040734615
04073462
040734644
04073466
04073468
04073473
04073500
04073970
04074538
04074548
04074950
04075365
04077400
04077630
0407809265
04078500
04079000
0407991001
04080000
04080798
04081000
04081500
04082400
04083420
04083423
04083425
04083545
040844215
04084445
04084911
04084927
04085046
04085059
04085068
040850684
04085074
04085078
04085108
04085109
04085118
04085119
040851325
040851378
04085138
040851385
04085200
04085281
04085330
04085395
04085427
0408543802
040854555
040854592
04085480
04085492
0408570047
040857005
04085746
04086000
04086110
04086120
04086125
04086139
04086149
04086152
04086175
04086200
04086250
04086265
04086305
040863075
04086340
04086360
04086443
04086500
04086600
040869415
040869416
04087000
04087030
04087047
04087048
04087050
04087060
04087070
0408708567
040870860
04087087
040870876
04087088
04087119
04087120
04087142
040871472
040871473
040871475
040871476
040871478
040871482
04087159
04087170
04087204
04087214
04087220
04087233
04087234
040872342
04087240
04087242
04087257
04092677
04092750
04093000
04093500
04094000
04094400
04094500
04095090
04095300
04095380
04096015
04096100
04096400
04096405
04096515
04096590
04096900
040970647
04097195
04097345
04097500
04097528
040975299
04097540
0409754132
04098980
04099000
04099510
04099750
04099808
04099850
04100222
04100252
04100295
04100377
04100500
04101000
04101225
04101370
04101500
041015313
04101535
04101590
04101800
04102148
04102500
04102700
04102776
04102786
04103010
04103490
04103500
041035285
04104945
04105000
04105500
04105700
04106000
04106180
04106300
04106320
04106400
04106500
04106906
04107850
04108500
04108600
04108660
04108670
04108800
04108801
04108862
04108872
04109000
04111000
04111379
04111500
04112000
04112500
04112850
04113000
04114000
04114498
04114500
04115000
04115265
04116000
04117000
04117004
04117500
04118000
04118500
04119000
04119055
04119070
04119160
04119400
041210041
04121300
04121494
04121500
04121507
04121650
04121900
04121944
04121970
04122000
04122001
04122025
04122100
04122200
0412220999
04122500
04123500
04124000
04124200
04124500
04125460
04125550
04126000
04126740
04126802
04126970
04127200
04127565
041275685
041275689
04127570
04127800
04127885
04127917
04127918
04127997
04128000
04128990
04129000
04130500
04133501
04135500
04135700
04135800
04136000
04136500
04136900
04137005
04137500
04137680
04137716
041377255
04138030
04138536
04142000
04143220
04143900
04144032
04144500
04145000
04145785
04146000
04146063
04147500
04148140
0414826503
0414826504
041482663
04148295
04148500
04149000
04150500
04150800
04151500
04152049
04152238
04152500
04153300
04153500
04153725
04153905
04154000
04154512
04154612
04155000
04155500
04156000
04157000
04157005
04157060
04158000
04159005
04159010
04159046
041590774
04159130
04159492
04159500
04159900
04160398
04160570
04160600
04160625
04160800
04160900
04161000
04161100
04161500
04161540
04161580
04161800
04161820
04163030
04163400
04164000
04164100
04164151
04164300
04164500
04164800
04164980
04165500
04165557
04165559
04165710
04166000
04166040
04166100
04166200
04166300
04166470
04166500
04166700
04166750
04167000
04167150
04167625
04168000
04168400
04168580
04168660
04170000
04170500
04172000
04173500
04174040
04174490
04174500
04174514
04174518
04174800
04174950
04175340
04175352
04175600
04175748
04175957
04176000
04176063
04176356
04176400
04176500
04176605
04176617
04177000
04177080
04177266
04177720
04177810
04178000
04179520
04180000
04180500
04180610
04180988
04181049
04181100
04181120
04181500
04181635
04181755
04182000
04182590
04182755
04182769
04182808
04182810
04182900
04182950
04183000
04183032
04183038
04183500
04183979
041843678
04184500
04185000
04185318
04185440
04185935
04186500
04187100
04188100
04188252
04188324
04188337
04188399
04188400
04188433
04188496
04189000
04189131
04189174
04189260
04189950
04190000
04191058
04191378
04191444
04191500
04192500
04192599
04192695
04193500
04193994
04193997
04193999
04194077
04194082
04194085
04195500
04195820
04195825
04195830
04196000
04196500
04196800
04197100
04197137
04197152
04197170
04197277
04198000
04199000
04199155
04199287
04199500
04200000
04200300
04200500
04201400
04201404
04201409
04201423
04201429
04201484
04201495
04201500
04201506
04201526
04202000
04203900
04203983
04204066
04206000
04206014
04206021
04206029
04206038
04206043
04206208
04206210
04206211
04206212
04206215
04206220
04206413
04206416
04206420
04206425
04206439
04206448
04207016
04207200
04208000
04208347
04208460
04208501
042085017
04208502
04208503
04208504
04208598
04208677
04208684
04208690
04208700
04208923
04208943
04209000
04211820
04212100
04212895
04213000
04213040
04213075
04213152
04213319
04213376
04213394
04213401
04213500
04213508
04214060
0421422210
04214231
04214500
04215000
04215500
04216200
04216418
04216500
04217000
04217750
04218000
04218518
04218601
04218700
04219000
04219767
04219768
04219915
04220045
0422016550
0422018610
04220223
04220250
0422026250
0422027430
04221000
04223000
04224775
04226000
04227000
04227500
04227995
04228500
04229500
04230380
04230500
04230650
04231000
04231401
04231600
04232000
04232034
04232040
0423204140
0423204141
0423204920
04232050
0423205010
0423205025
04232053
04232076
04232100
04232200
0423245850
04232482
04232730
04233000
04233255
04233286
04233300
0423368620
04234000
0423401815
0423406130
04234232
04234254
04234398
04235000
04235250
0423527080
04235276
04235299
04235440
04235500
04235600
04235820
04235890
04236800
04237496
04237500
04237555
04237575
04237944
04237946
04237962
04239000
04240010
04240100
04240105
04240120
0424014980
0424015305
04240158
04240180
04240200
04240300
04240503
04240508
04242500
04242640
04243500
04243783
04244000
04245236
04245840
04246500
04247000
04247055
04249000
04249200
04250200
0425040001
04250750
04252500
04253294
04253295
04253296
04256000
04256485
04258000
04260500
04262000
04262500
04263000
04265432
04266500
04267500
04268000
04268800
04269000
04270000
04270200
04270510
04271500
04271815
04273500
04273700
04273800
0427386410
04273996
04274000
04274050
04274051
04274185
04275000
04275500
04276069
04276500
04276645
04276770
04276842
04278300
04279000
04279001
04279040
04279125
04280000
04280350
04280450
04282000
04282500
04282525
04282538
04282576
04282581
04282586
04282629
04282650
04282780
04282795
04282800
04282805
04282813
04282815
04282886
04285500
04286000
04287000
04288000
04288225
04288230
04288295
04289000
04290335
04290500
04290575
04292000
04292201
04292500
04292700
04292750
04292770
04292795
04292810
04293000
04293200
04293430
04293500
04293600
04293700
04293795
04293900
04294000
04294140
04294300
04296000
04296280
04296500
05013900
05014300
05014500
05016000
05017500
05018000
05018500
05030500
05046000
05046475
05046502
05049000
05050000
05051300
05051500
0505152130
05051522
05051600
05051650
05052000
05052500
05053000
05053500
05054000
05054500
05055300
05055400
05056000
05056060
05056100
05056200
05056215
05056239
05056340
05056636
05056678
05056770
05057000
05057200
05058000
05058500
05058650
05058700
05059000
05059300
05059310
05059460
05059465
05059480
05059500
05059600
05059700
05059715
05060000
05060100
05060400
05060500
05061000
05061500
05062000
05062130
05062500
05063398
05064000
05064500
05065500
05066500
05067500
05069000
05070000
05074500
05075000
05076000
05078000
05078230
05078470
05078500
05078520
05078720
05078730
05078770
05079000
05079200
05079250
05080000
05082500
05082625
05084000
05085000
05085420
05085450
05087500
05089995
05090000
05092000
05094000
05099400
05099600
05100000
05101000
05104500
05106000
05107500
05112000
05113600
05114000
05116000
05116150
05116500
05117500
05119410
05120000
05120500
05122000
05123400
05123510
05124000
05124480
05124982
05125000
05125039
05126210
05127500
05128400
05129115
05129290
05129515
05130500
05131448
05131455
05131500
05132000
05133500
05134200
05137500
05200510
05207600
05208010
05211000
05212700
05227500
05227530
05242300
05243725
05244000
05245100
05247500
05261000
05267000
05270500
05270700
05275000
05276005
05280000
05283500
05284305
05284310
05286000
05286290
05287890
05288475
05288487
05288490
05288500
05288580
05288696
05288705
05289800
05289985
05290000
05291000
05292000
05292704
05293000
05294000
05299650
05299700
05299800
05300000
05301000
05304500
05305000
05311000
05311150
05313500
05314510
05315000
05316500
0531656290
05316580
05316770
05317000
05317200
05319500
05320000
05320270
05320500
05325000
05326189
05327000
05330000
05331000
05331580
05331833
05333500
05335492
05336700
05337400
05338500
05338955
05340390
05340500
05341375
05341402
05341498
05341550
05341687
05341694
053416966
053416972
05341752
05342000
05344490
05344500
05345000
05346000
05353800
05354500
05355024
05355092
05355200
05355250
05355322
05356000
05356078
05356500
05357205
05357206
05357215
05357225
05357230
05357245
05357254
05357259
05357302
05357335
0535739503
053573952
05358170
05358180
05358190
05359500
05360500
05362000
05363600
05364128
05364422
05364850
05365500
05365550
05365707
05366800
05367102
05367154
05367190
05367202
053674464
053674962
053674967
05367500
05368000
05369000
05369500
05369900
05369945
05370000
05372995
05376000
05376800
05378183
05378185
05378500
053793305
053793306
05379400
05379500
05380806
05381000
053813595
05381381
05381389
05381392
05382000
05382240
05382241
05382242
05382255
05382257
05382267
05382284
05382325
05383075
05383950
05385000
05385500
05386490
05386500
05387440
05387500
05388250
05389000
05389400
05389500
05390101
05390680
05391000
05392070
05392083
05392102
05392187
05393500
05394500
05395000
05395063
05396000
05397500
05398000
05399500
05399550
05399580
05400220
05400513
05400625
05400650
05400664
05400705
05400718
05400760
05401034
05401050
05401514
05401556
05402000
05403000
05403039
05403040
05403041
05403042
05403043
05403044
05403045
05403500
05404000
05404116
05404140
05404147
05404150
054041665
05405000
05405855
05405857
05405859
05406360
05406450
054064509
05406457
05406460
05406465
05406469
05406470
05406476
05406479
054064895
05406491
054064915
05406497
05406500
054065145
054065199
05406524
054065295
05406540
05406573
05406574
05406657
05407000
054070396
05407468
05407470
05408000
05408476
05408480
05409830
05409890
05410490
05411400
05411600
05411850
05411900
05412020
05412060
05412100
05412340
05412400
05412500
05412880
054134435
05413449
05413451
05413500
05413730
05414000
05414213
05414800
05414820
05414849
05414850
05415000
05416100
05416900
05418110
05418400
05418450
05418500
05418720
05419000
05420100
05420300
05420500
05420560
05420680
05421000
05421682
05421740
05421760
05422000
05422470
05422560
05422584
05422586
05422590
05422600
05422640
05422650
05423500
05423510
05423947
05424000
05424009
05424013
05424057
05424075
05424082
05424095
05424157
05425500
05425912
05426000
05426031
05426060
05426067
05426070
05426086
05426250
05427085
05427530
05427570
05427718
05427850
05427880
05427905
05427910
05427927
05427930
05427943
054279465
05427948
054279509
05428500
05428668
05429369
05429500
05429700
05430095
05430150
05430175
05430446
05430500
05430540
05431014
054310157
05431016
05431017
05431018
05431022
05431032
05431486
05432055
054322653
054322655
05432500
05432695
05432927
05433000
05433600
05434500
05435500
054359315
05435934
05435935
05435943
05435950
05436500
05437050
05437500
05437695
05438030
05438137
05438170
05438283
05438500
05439000
05439500
05440000
05440700
05442300
05443500
05444000
05446500
05447500
05448000
05449000
05449500
05450400
05451080
05451210
05451500
05451700
05451770
05451900
05452000
05452200
05452500
05453000
05453100
05453520
05454000
05454090
05454220
05454300
05454500
05455000
05455010
05455100
05455500
05455700
05457000
05457505
05457700
05458000
05458300
05458500
05458900
05459500
05460400
05461390
05462000
05463000
05463050
05463500
05464000
05464220
05464315
05464420
05464475
05464500
05464695
05464730
05464780
0546494170
05464942
05465000
05465100
05465500
05465700
05466000
05466500
05467000
05469000
05470000
05470500
05471000
05471010
0547101001
05471012
05471013
0547101350
05471014
05471040
05471050
05471200
05471500
05472500
05473065
05473400
05473450
05474000
05475350
05476000
05476500
05476590
05476750
05478265
05479000
05480500
05480603
05480820
05480986
05481000
05481300
05481650
05481950
05482000
05482135
05482170
05482300
05482500
05483000
05483343
05483450
05483600
05484000
05484500
05484600
05484650
05484800
05484900
05485500
05485605
05485640
05486000
05486490
05487470
05487500
05487520
05487540
05487550
05487980
05488110
05488200
05488500
05489000
05489200
05489500
05490500
05490600
05494300
05495000
05495500
05496000
05497000
05497150
05498000
05498150
05498700
05500000
05501000
05502000
05502300
05502500
05503100
05503800
05504800
05506100
05506350
05506500
05506800
05507600
05507800
05508000
05508805
05512500
05514500
05514712
05514840
05514860
05515000
05515500
05516500
05516665
05517000
05517500
05517530
05517890
05518000
05519000
05520500
05520980
05521000
05522000
05522500
05523000
05523865
05524500
05524546
05525000
05525500
05526000
05527500
05527800
05527900
05527905
05527910
05527950
05528000
05528030
05528100
05528230
05528500
05529000
05529500
05530000
05530100
05530990
05531044
05531045
05531300
05531500
05532000
05532500
05533000
05533400
05533600
05534050
05534500
05535000
05535070
05535500
05536000
05536085
05536105
05536118
05536123
05536162
05536179
05536190
05536195
05536215
05536235
05536255
05536265
05536275
05536290
05536310
05536340
05536343
05536356
05536357
05536368
05536500
05536580
05536890
05537500
05537980
05538360
05539000
05539900
05540060
05540091
05540095
05540130
05540160
05540195
05540200
05540228
05540250
05540275
05540290
05540500
05541710
05542000
05542500
05543500
05543800
05543830
05544200
05544371
05544793
05544800
05545131
05545133
055451345
05545750
05546500
05547755
05548030
05548105
05548110
05548163
05548280
05548500
05549000
05549400
05549850
05550000
05550001
05550300
05550500
05551000
05551030
05551200
05551330
05551540
05551545
05551580
05551675
05551700
05552500
05554300
05554500
05555300
05556500
05557500
05558300
05559700
05560500
05561500
05564400
05565700
05567000
05567500
05568000
05568500
05568705
05568800
05569500
05570000
05570360
05570370
05570380
05570910
05572000
05573540
05575550
05576000
05576090
05576100
05576193
05576195
05576250
05576500
05577500
05578000
05578100
05578250
05578500
05579500
05579610
05579620
05579630
05579725
05580000
05580950
05582000
05583000
05584500
05585000
05585500
05585830
05586100
05586647
05586745
05587000
05587450
05587480
05587900
05588000
05588700
05588720
05590000
05590050
05590520
05590800
05590950
05591200
05591400
05591550
05591700
05592000
05592050
05592100
05592500
05592575
05592800
05592900
05593000
05593520
05593575
05593900
05593945
05594000
05594070
05594100
05594450
05594800
05595000
05595200
05595730
05595820
05595952
05596300
05597000
05597500
05599490
05599500
06006000
06008000
06012500
06016000
06017000
06018500
06019500
06020600
06023000
06023100
06023500
06023800
06024020
06024450
06024470
06024510
06024540
06024580
06025250
06025270
06025480
06025500
06025800
06026210
06026420
06026500
06027600
06033000
06035000
06036650
06036805
06036905
06036940
06037000
06037100
06037500
06038500
06038800
06040000
06040050
06040800
06041000
06043120
06043500
06048650
06048700
06050000
06052500
06054500
06061500
06062500
06062750
06063000
06064100
06064150
06065500
06066500
06071300
06073500
06074000
06076560
06076590
06076600
06076690
06076700
06077200
06077500
06078200
06078230
06078250
06078260
06078270
06078500
06079000
06080900
06082200
06085800
06088300
06088500
06089000
06090300
06090500
06090570
06090590
06090650
06090800
06091700
06091800
06092020
06093200
06094900
06096001
06097000
06098120
06098500
06098800
06099000
06099500
06101200
06101500
06102050
06102500
06108000
06108800
06109500
06110020
06111800
06114700
06115200
06115270
06115350
06119200
06119600
06120500
06122800
06123030
06125600
06126050
06126500
06127020
06127060
06127500
06129000
06130000
06130500
06130650
06131000
06131200
06132200
06133500
06135000
06137400
06137570
06137574
06137575
06138580
06139500
06139800
06139850
06139900
06140500
06141600
06142400
06146980
06151500
06153800
06154100
06154390
06154400
06154410
06154430
06154510
06154550
06155030
06155500
06155900
06164510
06164590
06164615
06164623
06166000
06167500
06169500
06172310
06174500
06177000
06177500
06177825
06178000
06181000
06183300
06183450
06183700
06183750
06183800
06183850
06185110
06185500
06186500
06187915
06187950
06188000
06189000
06190540
06191000
06191500
06192500
06192900
06192978
06192980
06195600
06197800
06200000
06204050
06204070
06205000
06207500
06208500
06208790
06209500
06211000
06211500
06212500
06214500
06216000
06216900
06217700
06218500
06220500
06220800
06221400
06222100
06222500
06222510
06222700
06223500
06224000
06225000
06225500
06226000
06227596
06227600
06227810
06228000
06228350
06228450
06228510
06228800
06229680
06229900
06230190
06231000
06233000
06233900
06235500
06236100
06244500
06253000
06258000
06259000
06260000
06260400
06262300
06265337
06267400
06268600
06270000
06274300
06275000
06276500
06278300
06278500
06279500
06279790
06279795
06279940
06280300
06281000
06281400
06282000
06283995
06284010
06285100
06286490
06287000
06287800
06288400
06288700
06289000
06289600
06289820
06290000
06290500
06291500
06293890
06294000
06294500
06294995
06295000
06295113
06295220
06295250
06295900
06296003
06297500
06298000
06299500
06299980
06300500
06301480
06301485
06301490
06301495
06301500
06301850
06302000
06302200
06303500
06303700
06305700
06306200
06306250
06306300
06307500
06307600
06307616
06307662
06307740
06307830
06307990
06308500
06309000
06309200
06309500
06311000
06311060
06311400
06313400
06313500
06313590
06313700
06316400
06317000
06317020
06318500
06320000
06320500
06323000
06324000
06324500
06324710
06324970
06326500
06326555
06327450
06327500
06328495
06329500
06329597
06331000
06331680
06332000
06332190
06332515
06332523
06332770
06334100
06334500
06334610
06335500
06335750
06336000
06336600
06337000
06337200
06339100
06339200
06339500
06339960
06340000
06340010
06340500
06340590
06341790
06341800
06341950
06342260
06342450
06342500
06343000
06344600
06345500
06345780
06347000
06347500
06348300
06348500
06349000
06349275
06349280
06349500
06349580
06349590
06349600
06350000
06351200
06352000
06353000
06354000
06354050
06354480
06354580
06354815
06354881
06354882
06354890
06354980
06355500
06356000
06356500
06357500
06357600
06357800
06359500
06360500
06364300
06365900
06375600
06386500
06392900
06392950
06394000
06395000
06400000
06400497
06400875
06401500
06402000
06402430
06402470
06402500
06402600
06402990
06403300
06403700
06404000
06404800
06404998
06405800
06406000
06406500
06406920
06407500
06408500
06408650
06408700
06408860
06409000
06410000
06410500
06411500
06412500
06412510
06412600
06412700
06412800
06412810
06412900
06413200
06413300
06413550
06413570
06413600
06413650
06413660
06413670
06413700
06413800
06414000
06418800
06418900
06421500
06422500
06423075
06423500
06424000
06425050
06425100
06425500
06425720
06426100
06426130
06426160
06426500
06427500
06428200
06428500
06429500
06429905
06429997
06430500
06430532
06430770
06430800
06430850
06430898
06430900
06431500
06432020
06432172
06433000
06433500
06434500
06434505
06436000
06436156
06436170
06436180
06436190
06436198
06436760
06437000
06437020
06437400
06438000
06438500
06439000
06439300
06439430
06440200
06441110
06441500
06442130
06442600
06442718
06442900
06445685
06445700
06446000
06446500
06446700
06447000
06447230
06447450
06447500
06448000
06449000
06449100
06449300
06449400
06449500
06450500
06452000
06452320
06453255
06453600
06461150
06461300
06461500
06461595
06463500
06463670
06463720
06463900
06464100
06464500
06465500
06465700
06466400
06466470
06466500
06467600
06468170
06468250
06469400
06469500
06470000
06470500
06470800
06470878
06471000
06471200
06471500
06471550
06471800
06472000
06473000
06475000
06476000
06477000
06477500
06478000
06478500
06478513
06478518
06478522
06478535
06478540
06478600
06478690
06479010
06479159
06479215
06479430
06479438
06479450
06479500
06479520
06479525
06479770
06479928
06480000
06480400
06480650
06481000
06481480
06481500
06482000
06482020
06482610
06483290
06483500
06483950
06485500
06485696
06485910
06485950
06486000
06599900
06599950
06600000
06600100
06600300
06600500
06600900
06601000
06601200
06602020
06602400
06604440
06605000
06605850
06606600
06607200
06607500
06608500
06609500
06610000
06610720
06610732
06610750
06610765
06610770
06610785
06610788
06610793
06610795
06614800
06618300
06618480
06620000
06622700
06622900
06623800
06625000
06627800
06628900
06630000
06630465
06632050
06632055
06632400
06634060
06634620
06635000
06637750
06638090
06639000
06642000
06643500
06645150
06645164
06645166
06645174
06645178
06646000
06646600
06646800
06647500
06649000
06652000
06652800
06653300
06653500
06656000
06657000
06659500
06659501
06659502
06659580
06660000
06661000
06661585
06662000
06664400
06665790
06670500
06671000
06672500
06673500
06674500
06680500
06693800
06696980
06697100
06697200
06699000
06699005
06700000
06701550
06701620
06701700
06701900
06701970
06704500
06705500
06706400
06706600
06706800
06708600
06708690
06708750
06708800
06709000
06709500
06709530
06709740
06709910
06710150
06710245
06710247
06710385
06710605
06710992
06710995
06711040
06711515
06711545
06711555
06711565
06711570
06711575
06711618
06711770
06711780
06712000
06713000
06713300
06713500
06714215
06714220
06714360
06714400
06714500
06714600
06714800
06715000
06716100
06716500
06717400
06718300
06718550
06719505
06719560
06719840
06719845
06720255
06720280
06720285
06720460
06720480
06720490
06720820
06720990
06721000
06721500
06724970
06725450
06726900
06727000
06727410
06727500
06730160
06730200
06730400
06730500
06730525
06741510
06746095
06746110
06751145
06751150
06751490
06752260
06752280
06753400
06753600
06753990
06754000
06755800
06755840
06755860
06755880
06755950
06755960
06756100
06756995
06759100
06759500
06762500
06764880
06767970
06768000
06768020
06768025
06768035
06769000
06769525
06770200
06770240
06770255
06770500
06771500
06772000
06772100
06772775
06772898
06773050
06773150
06773500
06774000
06775500
06775900
06776500
06777495
06779000
06781600
06781900
06783500
06784000
06784800
06785000
06785500
06786000
06787000
06787500
06788500
06788988
06790500
06791500
06792000
06792500
06793000
06794000
06794650
06795500
06796000
06796500
06796973
06797500
06798500
06799000
06799080
06799100
06799230
06799315
06799350
06799385
06799445
06799450
06799460
06799500
06800000
06800500
06801000
06801180
06803000
06803080
06803093
06803170
06803300
06803420
06803430
06803486
06803495
06803500
06803502
06803510
06803513
06803520
06803530
06803555
06803920
06803935
06804000
06804700
06804900
06805500
06805600
06805850
06806500
06807000
06807410
06808500
06808820
06809210
06809500
06809900
06810000
06810070
06811500
06811840
06813000
06813500
06814000
06814500
06815000
06815555
06815575
06817000
06817300
06817500
06817700
06818000
06819185
06819500
06819550
06820410
06820500
06821065
06821080
06821150
06821190
06821250
06821360
06821500
06823000
06823500
06824000
06824500
06827000
06827500
06828500
06829500
06831500
06832500
06834000
06835000
06835500
06836500
06837000
06837300
06837500
06838000
06841000
06842500
06843500
06844000
06844210
06844500
06844900
06845000
06845110
06845200
06846000
06846500
06847000
06847500
06847900
06848000
06848500
06849500
06851000
06851500
06852000
06852500
06853020
06853500
06853800
06854000
06854500
06855850
06856000
06856600
06857100
06860000
06860900
06861000
06862700
06862850
06863000
06863420
06863500
06864000
06864050
06864500
06865500
06866000
06866500
06866900
06867000
06867500
06868200
06868850
06869500
06869950
06870200
06870300
06871000
06871500
06871800
06872500
06873000
06873200
06873460
06874000
06875900
06876000
06876440
06876700
06876900
06877600
06878000
06878600
06879100
06879650
06879810
06879900
06880000
06880500
06880800
06881000
06881200
06881380
06881500
06882000
06882510
06883000
06883530
06883570
06883940
06884000
06884025
06884200
06884400
06885500
06886500
06886850
06887000
06887500
06888000
06888300
06888350
06888500
06888925
06888990
06889000
06889110
06889140
06889160
06889170
06889200
06889500
06889580
06889610
06889630
06889700
06889990
06890100
06890900
06891000
06891080
06891260
06891500
06891810
06891850
06892000
06892350
06892360
06892440
06892460
06892495
06892513
06892518
06892900
06893000
06893080
06893100
06893150
06893300
06893350
06893390
06893400
06893500
06893557
06893562
06893578
06893590
06893596
06893620
06893750
06893793
06893820
06893830
06893890
06893910
06893930
06893940
06893950
06893960
06893970
06894000
06894200
06894650
06894680
06894740
06894760
06895000
06895500
06896000
06896400
06896900
06897000
06897500
06898000
06898400
06899500
06899700
06899900
06900050
06900640
06900800
06901205
06901250
06901500
06902000
06902995
06903400
06903700
06903900
06903990
06904010
06904050
06904500
06904650
06905500
06906000
06906150
06906200
06906300
06906500
06906800
06907055
06907700
06908000
06909000
06909500
06909950
06910230
06910450
06910750
06910800
06911000
06911490
06911500
06911900
06912500
06913000
06913500
06914000
06914100
06914500
06914950
06914960
06914990
06915000
06915800
06916600
06916675
06917000
06917060
06917240
06917380
06917500
06917560
06917630
06917680
06918060
06918065
06918070
06918250
06918440
06918460
06918493
06918740
06919020
06919500
06919900
06919950
06920520
06920580
06921070
06921200
06921350
06921500
06921590
06921600
06921720
06921760
06921778
06923150
06923250
06923940
06923950
06925250
06926000
06926080
06926290
06926500
06926510
06927000
06927240
06928000
06928300
06928320
06928330
06928359
06928380
06928420
06928430
06929315
06929900
06930000
06930015
06930060
06932000
06933500
06934000
06934500
06935450
06935550
06935755
06935770
06935830
06935850
06935890
06935955
06935965
06935980
06935997
06936200
06936475
06936530
07001910
07001985
07004150
07005000
07010000
07010022
07010030
07010034
07010035
07010038
07010040
07010048
07010055
07010061
07010070
07010075
07010082
07010086
07010088
07010090
07010094
07010097
07010180
07010208
07010350
07013000
07014000
07014500
07015720
07016500
07017020
07017115
07017200
07017260
07017610
07018100
07018500
07019000
07019072
07019090
07019120
07019130
07019150
07019175
07019185
07019195
07019220
07019310
07019317
07019500
07020500
07020550
07021000
07022000
07023000
07023700
07024000
07024175
07024200
07024300
07024500
07025400
07025500
07026000
07026040
07026370
07026400
07026680
07026795
07027500
07027720
07028500
07028930
07028960
07029035
07029270
07029500
07030050
07030207
07030240
07030280
07030356
07030392
07030500
070306050
07031650
07031660
07031692
07031740
07032000
07032200
07034000
07035000
07035800
07036100
07037000
07037300
07037500
07039500
07040000
07040100
07040450
07043500
07047800
07047810
07047815
07047855
07047882
07047904
07047932
070479376
07047942
07047950
07047980
07048480
07048490
07048493
07048550
07048600
07048700
07048780
07048800
07048890
07049000
07049563
07050152
07050500
07050680
07050690
07050700
07052000
07052100
07052120
07052152
07052160
07052250
07052345
07052500
07052820
07053250
07053500
07053690
07053710
07053810
07054080
07054288
07055565
07055607
07055646
07055660
07055680
07055790
07055792
07055814
07055875
07055893
07056000
07056515
07056700
07057370
07057500
07058000
07060500
07060710
07060892
07061000
07061270
07061290
07061300
07061500
07061600
07061900
07062500
07062575
07063000
07064000
07064026
07064040
07064440
07064533
07065200
07065495
07066000
07067000
07068000
07068510
07069000
07069220
07069295
07069305
07069500
07071500
07072000
07072500
07074420
07074500
07074670
07074850
07075000
07075250
07075270
07075280
07075300
07076000
07076517
07076530
07076620
07076750
07077000
07077380
07077500
07077555
07077652
07077700
07077950
07079300
07080980
07081200
07081800
07083000
07083200
07083710
07086000
07087050
07087200
07091200
07093700
07093740
07093775
07094500
07096000
07096250
07096500
07097000
07099050
07099060
07099080
07099085
07099215
07099220
07099230
07099235
07099238
07099400
07099970
07099973
07099990
07100300
07100750
07103100
07103700
07103702
07103703
07103740
07103747
07103755
07103780
07103784
07103785
07103790
07103791
07103792
07103797
07103800
07103930
07103940
07103960
07103965
07103970
07103977
07103980
07103985
07103987
07103990
07104000
07104905
07105000
07105490
07105500
07105530
07105600
07105780
07105800
07105815
07105820
07105900
07105920
07105924
07105928
07105932
07105940
07105945
07105950
07105960
07106000
07106200
07106300
07106500
07106510
07107900
07108100
07108900
07109500
07110400
07116500
07117000
07119500
07121500
07122060
07122105
07122200
07122350
07122390
07122400
07123000
07123675
07124000
07124200
07124300
07124410
07126140
07126200
07126300
07126325
07126390
07126415
07126470
07126480
07126485
07128500
07130500
07133000
07134100
07134180
07134990
07135000
07135500
07137000
07137010
07137500
07138000
07138020
07138050
07138063
07138064
07138070
07138075
07139000
07140000
07140850
07140880
07140890
07140900
07141000
07141175
07141200
07141220
07141300
07141770
07141780
07141900
07142019
07142020
07142300
07142575
07142620
07142680
07143300
07143330
07143350
07143375
07143665
07143672
07144050
07144100
07144200
07144201
07144300
07144301
07144480
07144485
07144486
07144490
07144550
07144570
07144601
07144660
07144680
07144730
07144780
07144795
07144910
07145200
07145500
07145600
07145700
07146500
07146800
07146830
07146995
07147070
07147800
07148350
07148400
07149000
07149520
07150500
07151000
07151500
07152000
07152500
07153000
07154500
07155590
07156220
07156900
07157500
07157740
07157940
07157950
07157960
07158000
07159100
07159750
07160000
07160300
07160350
07160500
07160810
07161450
07163000
07163300
07164480
07164500
07164600
07165562
07165565
07165570
07165750
07166500
07167500
07169500
07169800
07170060
07170500
07170700
07170990
07171000
07171400
07171600
07172000
07173300
07174400
07174600
07175500
07176000
07176321
07176465
07176500
07176950
07177500
07177600
07177650
07177700
07177800
07178000
07178035
07178040
07178200
07178520
07179300
07179500
07179700
07179730
07179750
07179785
07179795
07180400
07180500
07182000
07182200
07182250
07182260
07182280
07182390
07182510
07183000
07183500
07184000
07184500
07185000
07185030
07185090
07185095
07185700
07185765
07185910
07186000
07186055
07186475
07186480
07186690
07186900
07187000
07187600
07188000
07188005
07188653
07188838
07188885
07189000
07189100
07189540
07189542
07189700
07189710
07190500
07191000
07191160
07191179
07191220
071912213
07191222
07191265
07191288
07191297
07191315
07191322
07191500
07192100
07194500
07194800
07194809
071948095
071948135
071948140
071948150
07194816
07194880
07194906
07194933
07195000
07195400
07195430
07195500
07195800
07195855
07195865
07196000
07196090
07196500
07196900
07196973
07197000
07197360
07198000
07202400
07202500
07203000
07203505
07203525
07204000
07204500
07205000
07206000
07207000
07207500
07208500
07211000
07211500
07214470
07214670
07214680
07215500
07216500
07218000
07221000
07221500
07222500
07226500
07227000
07227100
07227420
07227500
07227700
07227890
07228000
07228500
07228650
07228940
07229050
07229200
07229300
07230000
07230500
07231000
07231500
07232250
07232500
07232900
07233500
07233650
07234000
07234100
07235000
07235600
07237000
07237500
07238000
07239000
07239300
07239450
07239500
07239700
07239750
07240000
07241000
07241504
07241506
07241513
07241520
07241550
07241750
07241780
07241800
07242000
07242247
07242350
07242380
07243000
07243500
07244100
07245000
07247000
07247015
07247250
07247500
07249400
07249413
07249444
07249447
07249448
07249455
07249800
07249870
07249920
07249985
07250000
07250514
07250550
07250600
07250935
07250965
07250974
07252000
07257000
07257006
07257450
07257460
07257480
07257500
07257693
07258500
07259500
07259950
07260000
07260500
07260671
07260672
07260673
07260678
07260800
07260990
07261000
07261090
07261200
07261250
07261500
07263012
07263115
07263295
07263296
072632962
072632963
072632966
072632971
072632982
07263300
07263426
07263450
07263465
07263555
07263570
07263580
07263594
07263605
07263665
07263875
07263878
072638805
07264000
07264200
07264500
07265000
07268000
07273100
07274000
07274251
07274252
07275530
07275900
07276000
07277700
07277730
07280340
07280400
07280460
07281600
07281960
07281977
07282000
07282075
07282090
07282097
07283000
07285400
07285500
07285510
07287150
07287160
07287355
07287400
07287404
07287715
07288000
07288048
07288068
07288280
07288500
07288521
07288580
07288650
0728875070
07288860
07288955
07289000
07289350
07289730
07290000
07290650
07290830
07291000
07292500
07295000
07295400
07295500
07297910
07298500
07299540
07299670
07299890
07300000
07300500
07301110
07301300
07301410
07301420
07301500
07303000
07303400
07304500
07305000
07307026
07307028
07307800
07308200
07308500
07309435
07309990
07311000
07311200
07311230
07311240
07311500
07311600
07311700
07311800
07311900
07312100
07312110
07312130
07312200
07312330
07312497
07312500
07312610
07314500
07314900
07315200
07315500
07315510
07315525
07315700
07316000
07316500
07324200
07324400
07325000
07325800
07325840
07325850
07325860
07326000
07326500
07327050
073274406
073274408
07327442
073274458
07327447
07327483
07327550
07328100
07328180
07328500
07328550
07329000
07329780
073298507
07329852
07330500
07330700
07331000
07331185
07331200
07331205
07331293
07331295
07331299
07331300
07331383
07331600
07332305
07332307
07332310
07332335
07332340
07332348
07332390
07332440
07332500
07332603
07332605
07332620
07332622
07332655
07334000
07334428
07334800
07335000
07335300
07335500
07335700
07335790
07336200
07336820
07337000
07337900
07338500
07338750
07339000
07340000
07340300
07341200
07341500
07342465
07342470
07342480
07342500
07343000
07343200
07343356
07343450
07343500
07343840
07344100
07344210
07344370
07344450
07344486
07344493
07344500
07346000
07346045
07346050
07346070
07346080
07348000
07348700
07349450
07349860
07351500
07351750
07352000
073556009
07355860
07355870
07356000
07358250
07358253
07358257
07358284
07358550
07358570
07359001
07359002
07359500
07359610
07359700
07360200
07361500
07362000
07362100
07362500
07362579
07362587
07362641
07362656
07362693
07363000
07363054
07363200
07363300
07363400
07363500
07364078
07364100
07364130
07364133
07364150
07364185
07364200
07364300
07365000
07365800
07366200
07367005
073676607
07367680
07367690
07367700
07368000
07369000
07369500
07369654
07369680
07369700
07370600
07372050
07372200
07373000
07374000
07374525
07375000
07375050
07375175
07375230
07375280
07375300
07375450
07375500
07375650
07375800
07375960
07376000
07376300
07376500
07377000
07377300
07377500
07377600
07377782
07378000
07378500
07380120
07380210
073802280
073802284
07380238
07380400
07380401
07381000
07381235
07381324
07381328
07381331
07381427
07381429
07381440
07381450
07381454
073814675
07381482
07381490
07381588
07381590
07381600
073816503
073816505
07381670
07381695
07382000
07382500
07383500
07385450
07385500
07385700
07385765
07385790
07386190
07386200
07386655
07386700
07386880
07386956
07386980
08010000
08010050
08010120
08010200
08011000
08012000
08012150
08012285
08012300
08012400
08012470
08013000
08013250
08013500
08014500
08014800
08015500
08017200
08017250
08017300
08017410
08017605
08017900
08018000
08018500
08019000
08019200
08019500
08020000
08020450
08020700
08020900
08022040
08022070
08022120
08022500
08023050
08023080
08023200
08023400
08024480
08025240
08025354
08025356
08025360
08025500
08026000
08028000
08028500
08029500
08029520
08030500
08031000
08032000
08032400
08032500
08032700
08033000
08033350
08033500
08033900
08034500
08036500
08037050
08037180
08038000
08039100
08040600
08041000
08041300
08041500
08041700
08041749
08041780
08042558
08042600
08042800
08042900
08042950
08043950
08044000
08044135
08044140
08044500
08044800
08045550
08045850
08045995
08047000
08047050
08047500
08048000
08048543
08048800
08048890
08048922
08048970
08048980
08049300
08049500
08049553
08049565
08049569
0804956950
08049580
08049700
08050100
08050350
08050400
08050800
08050840
08051135
08051500
08052700
08052745
08052780
08053000
08053009
08053025
08053090
08053430
08053500
08055000
08055500
08055560
08056500
08057000
08057200
08057300
08057410
08057445
08057448
08059000
08059350
08059400
08059590
08061000
08061480
08061540
08061548
08061551
08061750
08061970
08062000
08062095
08062500
08062575
08062700
08062800
08062895
08063030
08063040
08063048
08063100
08063460
08063562
08063590
08063800
08064100
08064570
08064700
08065000
08065200
08065350
08065800
08066170
08066175
08066200
08066250
08066300
08066500
08066850
08067000
08067070
08067250
08067500
08067525
08067548
08067552
08067555
08067575
08067585
08067650
08067690
08067900
08067920
08068000
08068002
08068090
08068275
08068310
08068325
08068390
08068400
08068450
08068500
08068520
08068720
08068740
08068780
08068800
08068900
08069000
08069500
08069800
08070000
08070200
08070500
08071000
08071250
08071280
08072050
08072300
08072470
08072520
08072600
08072680
08072730
08072760
08073100
08073500
08073600
08073630
08073700
08074000
08074020
08074150
08074250
08074500
08074540
08074760
08074800
08074810
08075000
08075110
08075400
08075500
08075605
08075730
08075763
08075770
08075780
08075900
08076000
08076180
08076500
08076700
08076997
08077600
08078000
08079510
08079600
08080500
08080505
08080700
08082000
08082450
08082500
08082700
08083100
08083230
08083235
08083240
08083420
08083430
08083480
08084000
08084200
08084800
08085500
08086050
08086212
08086290
08086500
08087300
08088000
08088430
08088470
08088610
08089000
08090800
08090830
08090905
08091000
08091500
08091750
08092000
08093100
08093250
08093360
08094800
08095000
08095200
08095300
08095400
08096500
08096580
08098290
08098300
08099100
08099300
08099382
08099500
08100000
08100500
08101000
08102500
08102595
08102850
08103800
08103900
08103940
08104100
08104300
08104500
0810464660
08104700
08104900
08105095
08105505
08105700
08105872
08105883
08105886
08105888
08106050
08106350
08106500
08107950
08108250
08108700
08108780
08109700
08109800
08110000
08110100
08110200
08110325
08110430
08110500
08110800
08111000
08111070
08111500
08111700
08111850
08114000
08114100
08115000
08116400
08116650
08116850
08117290
08117370
08117500
08117705
08117720
08117855
08117995
08119500
08120500
08120700
08121000
08123800
08123850
08124000
08126380
08127000
08128000
08128030
08128400
08129300
08130500
08130700
08131190
08131400
08131600
08132450
08133250
08133500
08133900
08134000
08134230
08134250
08136000
08136500
08136700
08138000
08140700
08140860
08142000
08143500
08143600
08143990
08144500
08144600
08145000
08146000
08147000
08148500
08149900
08150000
08150700
08150800
08151500
08152000
08152900
08153500
08154700
08155200
08155240
08155260
08155300
08155400
08155541
08156675
08156800
08156910
08157540
08157600
08157700
08158000
08158030
08158035
08158045
08158200
08158380
08158600
08158700
08158800
08158810
08158813
08158819
08158823
08158824
08158827
08158840
08158860
08158920
08158922
08158927
08158930
08158970
08159000
08159105
08159110
08159200
08159250
08159500
08160400
08160800
08161000
08162000
08162500
08162501
08162600
08163500
08164000
08164300
08164390
08164450
08164503
08164504
08164600
08164800
08165300
08165500
08166000
08166140
08166200
08166250
08167000
08167200
08167347
08167350
08167353
08167500
08167800
08168500
08168797
08168913
08168932
08169000
08169792
08169845
08170500
08170890
08170905
08170950
08171000
08171290
08171300
08171350
08171400
08172000
08172400
08173000
08173900
08174200
08174550
08174600
08174700
08174970
08175000
08175800
08176500
08176550
08176900
08177300
08177500
08177520
08177700
08178000
08178050
08178500
08178504
08178565
08178593
08178700
08178800
0817887350
08178880
08178980
08179110
08179520
08180500
08180586
08180640
08180700
08180750
08180800
08181400
08181435
08181480
08181500
08181725
08181800
08183200
08183500
08183890
08183900
08183978
08184050
08185000
08185065
08185100
08185500
08186000
08186500
08187500
08188060
08188500
08188570
08188590
08188600
08188800
08188810
08189200
08189300
08189500
08189700
0818999010
08189998
08190000
08190500
08192000
08193000
08194000
08194200
08194500
08194755
08195000
08196000
08197500
08197936
08198000
08198500
08200000
08200700
08200720
08200977
08201500
08202700
08203450
08204005
08205500
08206600
08206700
08206910
08207500
08208000
08210000
08210400
08211000
08211200
08211500
08211503
08211520
08211800
08211900
08212300
08212400
08212820
08217500
08220000
08226600
08227400
08235250
08235270
08235290
08235350
08235700
08238350
08238380
08251500
08252500
08253000
08253500
08254000
08255500
08261000
08263500
08265000
08266000
08266820
08267500
08268700
08269000
08271000
08275500
08276300
08276500
08277470
08278500
08279000
08279500
08281400
08282300
08284100
08284300
08284520
08285500
08286500
08287000
08289000
08290000
08291000
08292000
08294195
08294210
08302500
08305030
08308025
08308050
08313000
08313025
08313030
08313042
08313060
08313125
08313150
08313225
08313230
08313240
08313245
08313250
08313252
08313253
08313255
08313265
08313268
08313275
08313350
08313500
08314000
08315480
08316000
08317050
08317200
08317400
08317950
08319000
08323000
08324000
08328950
08329000
08329700
08329720
08329835
08329838
08329839
08329840
08329868
08329870
08329872
08329873
08329874
08329875
08329876
08329877
08329882
08329884
08329888
08329900
08329911
08329914
08329918
08329928
08329930
08329931
08329935
08329936
083299375
083299377
08329938
083299395
08330000
08330150
08330200
08330492
08330505
08330540
08330600
08330775
08330830
08330875
08330915
08330940
08331105
08331118
08331160
08331510
08331660
08331990
08332010
08332050
08334000
08340500
08341300
08341365
08341500
08343000
08343100
08343500
08349800
08351500
08353000
08354500
08354800
08354900
08355050
08355490
08357050
08358300
08358400
08359500
08361000
08374550
08375300
08376300
08377900
08378500
08379187
08379500
08380500
08382000
08382500
08382600
08382650
08382730
08382830
08383000
08383500
08384500
08385000
08385500
08385503
08385522
08385630
08385643
08385648
08386000
08386505
08387000
08387550
08387575
08387600
08389055
08390020
08390500
08390800
08393300
08393500
08393610
08394024
08394033
08394500
08395500
08396025
08396500
08397600
08397620
08398500
08399500
08400000
08401200
08401500
08401900
08402000
08403500
08404000
08405105
08405150
08405200
08405350
08405400
08405450
08405500
08406000
08406500
08407000
08407500
08408500
08412500
08418010
08419000
08433000
08437710
08446500
08447000
08447020
08447300
08449100
08456310
08458995
08459200
08474095
08474107
08474108
08474110
08474118
08474300
08477110
08480595
08481500
08484550
09010500
09014050
09015000
09019000
09019500
09021000
09022000
09024000
09025000
09025300
09025400
09026500
09027100
09031600
09031700
09032000
09032050
09032100
09032200
09032300
09032400
09032990
09033010
09033100
09033300
09034250
09034500
09034900
09035500
09035700
09035800
09035820
09035840
09035850
09035870
09035880
09035900
09036000
09037500
09038500
09039000
09040500
09041000
09041090
09041400
09041500
09041900
09044300
09044800
09046400
09046490
09046530
09046600
09047500
09047700
09050100
09050700
09051050
09052000
09052400
09052800
09053500
09054000
09055300
09056500
09057500
09057520
09058000
09058030
09058500
09058610
09058700
09058800
09059500
09060550
09060770
09060799
09061600
09063000
09063200
09063400
09063900
09064000
09064500
09064600
09065100
09065500
09066000
09066100
09066150
09066200
09066300
09066310
09066325
09066400
09066510
09067000
09067005
09067020
09067200
09070000
09070500
09071295
09071300
09072550
09073005
09073300
09073400
09073721
09073791
09073891
09074000
09074500
09074800
09075400
09075700
09076000
09076300
09076520
09078141
09078475
09079450
09080400
09081000
09081600
09083800
09085000
09085100
09085500
09086000
09086470
09086970
09087500
09089500
09090785
09092570
09093500
09093700
09095300
09095500
09097900
09105000
09106150
09106200
09106485
09107000
09107500
09108250
09109000
09110000
09110990
09111250
09111500
09112200
09112500
09113100
09113500
09113980
09114500
09114520
09115500
09118450
09119000
09123450
09124010
09124500
09126000
09127000
09128000
09128500
09129600
09132095
09132500
09132940
09132960
09132985
09132995
09134000
09134100
09135900
09135920
09135950
09136100
09137050
09143000
09143500
09144200
09144250
09146020
09146200
09147000
09147025
09147500
09149480
09149500
09151500
09152500
09152520
09153220
09153270
09153290
09163492
09163500
09163570
09165000
09166500
09166950
09168730
09169500
09171100
09171240
09171310
09172500
09174600
09177000
09179450
09180000
09180500
09182200
09182400
09183000
09183500
09183600
09183800
09184000
09184600
09185100
09185600
09186500
09187550
09188500
09191150
09192750
09193000
09193700
09195000
09195600
09196000
09196500
09196940
09196960
09197000
09201500
09202000
09202700
09203000
09204500
09205000
09208400
09209400
09210500
09211200
09213500
09215000
09215550
09216050
09217000
09217900
09218500
09219200
09220000
09222100
09222400
09223000
09223385
09224000
09224700
09228000
09229500
09230300
09234500
09235100
09235490
09235600
09237450
09237500
09238500
09238705
09238710
09238750
09238770
09238800
09238900
09239500
09240020
09240900
09241000
09242500
09243700
09243800
09243900
09244490
09245000
09246200
09246400
09246500
09246920
09247600
09249750
09250507
09250510
09251000
09251100
09253000
09255000
09255200
09256000
09257000
09258000
09258050
09258980
09259000
09259049
09259050
09259700
09259990
09260000
09260050
09261000
09261700
09263500
09265500
09266500
09267500
09268500
09268900
09270500
09271000
09271400
09271425
09271450
09271550
09272400
09274900
09275500
09276600
09276700
09277500
09277800
09278000
09278500
09279000
09279100
09279150
09285000
09285900
09286100
09286700
09288000
09288180
09288400
09289500
09291000
09292000
09292500
09294500
09295000
09295100
09296800
09299400
09299500
09301500
09302000
09302450
09303000
09303300
09303320
09303400
09303500
09304000
09304115
09304200
09304500
09304800
09306007
09306042
09306200
09306222
09306224
09306235
09306242
09306255
09306290
09306380
09306500
09306800
09308500
09309600
09310000
09310500
09310700
09311500
09312600
09312700
09312800
09313000
09313520
09313600
09313980
09314250
09314260
09314280
09314300
09314500
09314700
09315000
09319000
09323000
09326500
09327000
09328000
09328060
09328400
09328500
09328910
09328920
09328960
09329050
09330000
09330230
09330250
09330410
09330500
09332100
09332600
09332800
09333500
09335200
09337000
09337500
09338900
09339000
09339900
09340800
09341300
09341350
09341500
09342500
09346000
09346050
09346400
09349800
09352800
09352900
09353800
09354500
09355000
09355500
09355600
09357000
09357245
09357255
09357700
09358000
09358550
09359010
09359020
09359080
09359082
09359500
09361000
09361500
09362520
09362550
09363500
09364010
09364200
09364500
09365000
09367000
09367500
09367536
09367540
09367580
09367950
09367958
09368000
09370600
09371000
093710009
09371002
09371010
09371492
09371500
09371520
09372000
09372200
09372400
09376800
09378170
09378200
09378490
09378600
09378630
09378650
09378700
09379025
09379050
09379180
09379200
09379250
09379500
09379700
09379910
09380000
09381500
09381800
09382000
09383100
09383300
09383400
09383409
09383417
09383420
09383430
09383500
09383570
09383590
09383595
09384000
09385700
09386030
09386250
09386300
09386900
09386910
09386915
09386917
09386919
09386925
09386950
09390500
09392000
09393500
09394500
09395350
09395630
09395990
09396100
09397000
09397300
09397500
09398000
09398500
09399000
09399400
09400000
09400350
09400562
09400568
09400583
09400815
09401000
09401110
09401260
09401265
09402000
09402300
09402450
09402500
09402501
09403000
09403010
09403013
09403015
09403043
09403600
09403690
09403850
09404104
09404112
09404115
09404120
09404200
09404208
09404222
09404343
09404450
09404700
09404900
09405490
09405499
09405500
09405501
09405900
09406000
09406100
09406150
09406640
09406700
09406900
09407000
09407810
09408000
09408135
09408150
09408175
09408195
09408400
09408500
09409100
09409880
09410100
09413000
09413200
09413500
09413700
09413900
09414900
09415000
09415060
09415090
09415190
09415240
09415250
09415460
09415510
09415515
09415550
09415558
09415589
09415590
09415639
094156395
09415640
09415645
09415700
09415850
09415900
09415908
09415910
09415915
09415920
09415927
09416000
09417500
09418500
09418700
09419000
09419507
09419515
09419530
09419547
09419625
09419648
09419649
094196497
09419655
094196557
09419656
09419658
09419659
09419665
09419672
09419673
09419674
09419676
094196775
094196781
094196783
094196784
09419679
09419688
09419695
09419696
09419698
09419700
09419740
09419745
09419747
09419749
09419753
09419756
09419790
09419800
09423000
09423350
09423560
09424380
09424422
09424425
09424432
09424447
09424450
09424580
09424600
09424900
09426000
09426620
09427520
09428500
09428505
09428508
09428510
09428511
09429000
09429010
09429030
09429060
09429070
09429100
09429155
09429180
09429200
09429300
09429500
09429600
09429980
09430010
09430020
09430030
09430500
09430600
09430815
09430820
09430825
09431500
09431503
09432000
09439000
09442000
09442625
09442661
09442662
09442666
09442667
09442669
09442677
09442680
09442681
09442682
09442683
09442684
09442692
09442704
09442755
09442760
09442956
09442958
09442960
09443900
09443938
09444000
09444200
09444500
09445000
09446320
09446500
09447000
09447800
09448500
09457000
09458200
09460150
09466500
09468500
09469500
09470000
09470500
09470520
09470700
09470750
09470800
09470820
09470825
09471000
09471310
09471380
09471400
09471550
09471580
09471800
09472000
09472050
09473000
09474000
09475500
09477570
09478350
09478500
09479350
09480000
09480500
09481000
09481740
09481770
09482000
09482440
09482490
09482495
09482500
09484000
09484500
09484550
09484580
09484600
09485000
09485450
09485700
09486055
09486100
09486300
09486350
09486490
09486500
09486510
09486515
09486520
09486550
09486560
09486565
09486580
09486590
09486800
09487000
09488650
09489000
09489082
09489500
09490500
09492400
09494000
09494200
09495000
09495800
09496000
09496500
09497500
09497700
09497800
09497980
09498400
09498500
094985005
09498501
09498502
09498503
09499000
09502000
09502800
09502830
09502900
09502960
09503000
09503300
09503700
09503990
09504000
09504350
09504420
09504500
09504950
09505200
09505220
09505350
09505400
09505800
09506000
09507480
09507500
09507580
09507980
09508000
09508300
09508500
09510000
09510200
09511300
09512060
09512162
09512165
09512190
09512280
09512400
09512406
09512450
09512500
09512600
09512800
09512830
09512860
09512970
09513650
09513780
09513835
09513860
09513910
09514000
09514100
09514300
09516500
09517000
09517490
09518500
09519000
09519500
09519501
09519760
09519800
09520280
09520360
09520500
09520900
09521100
09522500
09522600
09522650
09522660
09522680
09522700
09522800
09522850
09522860
09522880
09522900
09523000
09523200
09523400
09523600
09523800
09523900
09524000
09524700
09525000
09525500
09526000
09526200
09527590
09527594
09527597
09527600
09527630
09527660
09527700
09527900
09528200
09528800
09529000
09529150
09529250
09529300
09529420
09530000
09530200
09530500
09535295
09537200
09537500
09537700
10011500
10015700
10015900
10016900
10020100
10020300
10023000
10026500
10028500
10032000
10038000
10039500
10041000
10046000
10059500
10068500
10075000
10079500
10086500
10092700
10093000
10099000
10102200
10102220
10102250
10103010
10104700
10105900
10108400
10109000
10109001
10111700
10113500
10118000
10125500
10125850
10126000
10128000
10128500
10129300
10129500
10129900
10130000
10130500
10131000
10132000
10132500
10133000
10133540
10133550
10133600
10133601
10133602
10133650
10133800
10133895
10133980
10134500
10136500
10136600
10137000
10137300
10137500
10137900
10139300
10140100
10140700
10141000
10141100
10141200
10141410
10141450
10142000
10143500
10145400
10146000
10146400
10147100
10148200
10148510
10149000
10149400
10149500
10150500
10152000
10153100
10153800
10154200
10154500
10155000
10155100
10155200
10155300
10155400
10155500
10156000
10157000
10157500
10159500
10163000
10164500
10165600
10166430
10167000
10167230
10167450
10167499
10167700
10167800
10168000
10168150
10168200
10168499
10168800
10169000
10169500
10169999
10170250
10170500
10171000
10171305
10171600
10172200
10172220
10172300
10172351
10172352
10172499
10172600
10172625
10172630
10172640
10172650
10172700
10172726
10172727
10172750
10172765
10172791
10172795
10172800
10172805
10172870
10172875
10172952
10173450
10174500
10180000
10183500
10183900
10189000
10191500
10194000
10194200
10205000
10205030
10206000
10208500
10215700
10215900
10217000
10219000
10219200
10224000
10224100
10234500
10237000
10239000
10241470
10241600
10242000
10242300
10243224
102432241
10243240
10243260
10243700
10244950
10245100
10245445
10245900
10245910
10245925
10245960
10245970
10245980
10246835
10246846
10246930
10247200
10249190
10249280
10249300
10250800
10251217
10251242
10251248
10251250
102512531
102512533
102512535
1025125356
102512537
1025125372
10251255
10251259
10251275
10251290
10251300
10251330
10251335
10251375
10251890
10254050
10254670
10254730
10254970
10255550
10255890
10255895
10255897
10255900
10256500
10257500
10257548
10257549
10257600
10257650
10257720
10258000
10258500
10258700
10259000
10259050
10259100
10259200
10259300
10259540
10260200
10260400
10260470
10260480
10260500
10260865
10260950
10261500
10262000
10262500
10262700
10263000
10263500
10265100
10265150
10289000
10289500
10290500
10291500
10293000
10293048
10293050
10293100
10293200
10293400
10293500
10295000
10295500
10296000
10296500
10296750
10297010
10297500
10298600
10299100
10299300
10300000
10300200
10300600
10301115
10301120
10301290
10301300
10301495
10301500
10301600
10301720
10301742
10301745
10301755
10301900
10302002
10302025
10302145
10302160
10308200
10308783
103087835
10308784
10308785
103087855
103087865
103087885
103087889
10308789
103087891
103087892
103087898
10308792
10308794
10308800
10309000
10309010
10309025
10309030
10309035
10309050
10309070
10309100
10310000
10310300
10310350
10310358
10310402
10310403
10310448
10310500
10311000
10311090
10311100
10311200
10311260
10311300
10311400
10311700
10311750
10312000
10312150
10312210
1031221775
1031221902
10312250
10312275
10312277
10313400
10313900
10315500
10315600
10316500
10317480
10317500
10318500
10319900
10320000
10320100
10321000
10321590
10321860
10321925
10321940
10321950
10321970
10322000
10322150
10322500
10322505
103225055
10322510
10322535
10322555
10322800
10323000
10323425
10324500
10324700
10325000
10327500
10328450
10328475
10328500
10329000
10329500
10331500
10333000
10335000
10336000
10336580
103366092
103366097
10336610
10336645
10336660
10336676
10336698
103366993
10336700
10336715
10336730
10336740
103367585
103367592
10336760
10336765
10336770
10336775
10336778
10336780
10337500
10338000
10338500
10338700
10339400
10339410
10340500
10341950
10343000
10343500
10344400
10344500
10344505
10346000
10347310
10347460
10347600
10347620
10348000
10348036
10348200
10348220
10348245
10348295
10348300
10348460
10348505
10348520
10348550
10348570
10348801
10348850
10348900
10348995
10349300
10349495
10349700
10349770
10349790
10349849
10349980
10350000
10350340
10350400
10351300
10351400
10351600
10351650
10351700
10352500
103530001
10353600
10353750
10353770
10353800
10366000
10371500
10378500
10384000
10388000
10390000
10393500
10396000
10406500
11012500
11014000
11015000
11016200
11021300
11022200
11022480
11022830
11023000
11023100
11023340
11025500
11027000
11028500
11036700
11042000
11042400
11042800
11042900
11043000
11044000
11044250
11044300
11044350
11044800
11045300
11045600
11045700
11046000
11046090
11046100
11046250
11046300
11046325
11046360
11046530
11047300
11048175
11048200
11048400
11048553
11048600
11051499
11051502
11055500
11055800
11057500
11058000
11058500
11058600
11059300
11060400
11062000
11062399
11062400
11062450
11062700
11062800
11062820
11063500
11063510
11063680
11065000
11066460
11069500
11070070
11070150
11070210
11070270
11070365
11070465
11070500
11071760
11071900
11072100
11073300
11073360
11073470
11073493
11073495
11074000
11075720
11077500
11078000
11085000
11087020
11088500
11089200
11089500
11090400
11090600
11092450
11097000
11098000
11101250
11102300
11105510
11106550
11109000
11109550
11109600
11109800
11111500
11113000
11113500
11114495
11118400
11118500
11119500
11119745
11119750
11119770
11119940
11120000
11120500
11120520
11120600
11121010
11121900
11122010
11123000
11123500
11124500
11125600
11125605
11126000
11126400
11128250
11128500
11129800
11132500
11133000
11134000
11134800
11135250
11135800
11136040
11136045
11136100
11136500
11136600
11136710
11136800
11137900
11138500
11140000
11140585
11141050
11141280
11143000
11143010
11143200
11143250
11147070
11147098
11147500
11148500
11148900
11149400
11149900
11150500
11151300
11151540
11151700
11151870
11152000
11152050
11152300
11152500
11152600
11152650
11152900
11153000
11153650
11154700
11156500
11157500
11158600
11159000
11159200
11159490
11159500
11159690
11160000
11160500
11161000
11162500
11162540
11162570
111626182
11162619
11162620
11162630
11162735
11162737
11162753
11164500
11166000
11167800
11169025
11169500
11169800
11169860
11170000
11170450
11172175
11172945
11172955
11173200
11173500
11173510
11173575
11173800
11174000
11174160
11174600
11176340
11176400
11176500
11176900
11179000
11179100
11180500
11180700
11180825
11180900
11180960
11181000
11181008
11181040
11182500
11183670
11189500
11194152
11199500
11200800
11201095
11203580
11204100
11204900
11206820
11212260
11222975
11224000
11224500
11242400
11251000
11253130
11253310
11254000
11255575
11261100
11261500
11262900
11264500
11266500
11267350
11273400
11274000
11274500
11274538
11274550
11274630
11274790
11276500
11276600
11276900
11277100
11277300
11278000
11278300
11278400
11284400
11285500
11289000
11289500
11289650
11289850
11290000
11299600
11303000
11303500
11304810
11311300
11312672
11312676
11312685
11312968
11313200
11313240
11313315
11313405
11313431
11313433
11313434
11313440
11313452
11313460
11329500
11335000
11335655
11336580
11336585
11336600
11336680
11336685
11336790
11336930
11337080
11337190
11337600
11342000
11345500
11348500
11355010
11355500
11361000
11362890
11370500
11370700
11372000
11374000
11376000
11376550
11377100
11379500
11381500
11383500
11389500
11390000
11390500
11401920
11402000
11413000
11418500
11421000
11424000
11425500
11427000
11431800
11433040
11446500
11447293
11447360
11447650
11447830
11447850
11447890
11447903
11447905
11448750
11448800
11449235
11449255
11449370
11449500
11449820
11451000
11451100
11451300
11451715
11451800
11452500
11452600
11452800
11452900
11453000
11453500
11453590
11454000
11455095
11455139
11455140
11455143
11455146
11455165
11455167
11455276
11455315
11455335
11455338
11455350
11455385
11455420
11455740
11456000
11458000
11458433
11458500
11458600
11459150
11459500
11460000
11460151
11460400
11460600
11460605
11460750
11461000
11461500
11462000
11462080
11462500
11463000
11463170
11463200
11463500
11463682
11463900
11463980
11464000
11465200
11465240
11465350
11465390
11465500
11465660
11465680
11465690
11465700
11465750
11466065
11466170
11466200
11466320
11466800
11467000
11467200
11467510
11467553
11468000
11468092
11468500
11468900
11469000
11472160
11472180
11473900
11475000
11475500
11475560
11475610
11475800
11476500
11476600
11477000
11478500
11480390
11481000
11481200
11481500
11482500
11486990
11491400
11491450
11491470
11491950
11492400
11492550
11493100
11493500
11495800
11497500
11499100
11501000
11502500
11504115
11504260
11504270
11504290
11507200
11507500
11509105
11509200
11509250
11509340
11509500
11510700
11512000
11516530
11517000
11517500
11518700
11519500
11520500
11521500
11522500
11523000
11523200
11525500
11525530
11525630
11525655
11525670
11525854
11526250
11526400
11526500
11527000
11528700
11530000
11530500
11532500
12010000
12013500
12017000
12019310
12020000
12020525
12020800
12021800
12024000
12024400
12025000
12025310
12025700
12026150
12026400
12027500
12031000
12035000
12035002
12035400
12035450
12036000
12036400
12037400
12039005
12039500
12039510
1203951610
12040500
12040700
12040900
12041200
12042800
12043000
12043163
12043300
12044900
12044910
12045500
12048000
12048650
12049000
12052200
12052210
12054000
12056500
12058790
12058800
12059500
12060500
12061250
12061500
12069600
12069651
12070000
12070040
12070045
12070050
12073500
12076800
12078705
12078720
12078730
12079000
12080010
12080500
12080670
12081000
12081010
12082500
12083000
12086000
12086500
12087000
12088000
12089208
12089500
12090340
12090360
12090365
12090380
12090400
12090452
12090480
12090500
12091100
12091180
12091200
12091290
12091300
12091500
12092000
12093500
12094000
12095000
12096500
12096505
12096865
12097500
12097820
12097850
12098500
12098920
12099000
12099100
12099200
12099550
12099600
12100000
12100490
12100496
12101100
12101470
12101500
12102025
12102075
12102078
12102140
12102190
12102212
12102900
12102920
12103000
12103020
12103205
12103207
12103210
12103212
12103220
12103330
12103380
12104500
12105900
12106700
12108500
12108800
12112600
12113000
12113150
12113310
12113344
12113346
12113347
12113349
12113390
12114500
12115000
12115500
12115700
12115800
12116100
12116400
12116500
12117000
12117500
12117600
12117700
12117800
12117820
12118400
12118500
12119000
12120000
12120500
12120600
12121600
12121720
12121815
12121830
12122500
12125200
12127100
12128000
12131300
12131500
12134500
12135000
12137290
12137800
12138160
12141300
12142000
12143400
12143600
12143700
12143900
12144000
12144500
12145500
12147470
12147500
12147600
12147680
12148000
12148300
12148500
12149000
12150800
12155300
12155500
12157025
12157250
12158010
12158032
12158040
12166150
12166185
12167000
12168500
12170300
12170305
12170310
12170315
12170320
12170400
12170440
12172000
12173500
12175500
12178000
12178100
12178150
12179000
12179900
12180500
12181000
12181090
12181100
12181200
12182500
12185300
12186000
12187500
12187900
12188380
12189500
12190400
12190710
12190718
12192700
12193400
12193500
12194000
12194580
12199600
12200500
12200684
12200690
12200701
12200728
12200730
12200733
12200737
12200750
12200762
12201500
12201700
12201950
12201960
12202300
12202310
12202400
12202450
12204010
12205000
12205245
12206900
12207750
12207850
12208000
12209000
12209490
12210000
12210500
12210700
12210900
12211200
12211500
12212050
12212100
12212200
12212430
12213100
12214350
12214500
12301250
12301300
12301933
12302055
12303500
12304040
12304500
12305000
12306500
12308000
12310100
12313000
12320700
12321500
12322000
12323170
12323233
12323240
12323242
12323248
12323250
12323600
12323670
12323700
12323710
12323720
12323750
12323760
12323770
12323800
12323840
12323850
12324200
12324400
12324590
12324680
12325500
12326420
12327090
12327100
12328500
12329500
12330000
12331100
12331500
12331590
12331620
12331800
12331900
12332000
12334510
12334550
12335100
12335500
12337800
12337900
12338100
12338300
12339450
12340000
12340500
12342500
12343300
12343400
12344000
12345510
12346500
12350250
12351200
12352500
12353000
12354000
12354500
12355342
12355347
12355500
12358500
12359800
12362500
12363000
12363500
12365000
12365700
12366000
12366080
12369000
12369200
12369650
12370000
12372000
12374250
12375900
12377150
12381400
12383500
12387450
12388200
12388400
12388700
12389000
12389500
12390700
12391950
12392000
12392155
12392300
12392390
12392450
12392660
12393501
12394000
12395000
12395500
12396500
12396900
12397100
12398000
12398600
12399500
12400900
12401500
12404500
12404900
12409000
12411000
12411935
12413000
12413040
12413125
12413130
12413131
12413140
12413150
12413210
12413355
12413360
12413370
12413445
12413470
12413500
12413860
12413875
12414200
12414500
12414900
12415135
12415140
12415250
12415285
12415290
12415350
12416000
12417650
12419000
12419500
12420500
12422000
12422500
12422950
12422990
12424000
12426000
12427000
12431000
12431500
12433200
12433542
12433556
12433561
12433890
12434110
12434590
12438900
12438905
12439300
12439500
12442500
12444290
12444550
12445000
12445500
12445900
12446150
12446400
12446995
12447200
12447285
12447370
12447382
12447383
12447387
12447390
12447600
12448000
12448500
12448620
12448990
12448992
12448996
12448998
12449500
12449710
12449760
12449950
12451000
12452500
12452550
12452800
12452890
12452990
12456500
12457000
12458000
12459000
12462500
12464606
12464770
12464800
12465000
12465400
12466015
12467000
12470500
12471400
12472380
12472600
12472800
12473503
12473508
12473740
12479500
12484500
12488500
12492900
12499000
12500420
12500450
12502500
12505450
12506000
12507573
12508850
12508990
12509050
12509698
12510500
12510618
12510625
12510650
12510655
12512550
12513000
12513650
12514095
13010065
13011000
13011500
13011820
13011900
13012465
13012475
13012490
13013650
13014300
13014500
13015000
13016240
13016305
13016310
13016315
13016450
13018000
13018250
13018300
13018350
13018500
13018750
13019438
13019500
13022500
13023000
13025500
13027500
13032500
13037500
13038000
13038380
13038500
13039500
13040500
13041010
13042500
13046000
13046680
13046995
13047500
13047600
13049500
13050500
13050543
13052200
13055000
13055198
13055250
13055340
13056500
13056600
13057000
13057090
13057132
13057155
13057300
13057500
13057940
13058000
13058510
13058520
13058529
13058530
13060000
13061300
13062500
13063000
13065500
13066000
13068300
13068495
13068500
13068501
13069500
13069532
13069540
13069565
13071010
13072400
13073000
13074400
13074810
13075000
13075500
13075910
13075958
13075983
1307599660
1307599910
13076100
13076110
13076200
13077000
13077650
13077700
13078000
13079300
13079901
13081500
13082060
13082320
13082500
13083000
13084400
130875048
130875049
13087505
13087995
13088000
13088400
13088510
13089500
13090000
13090370
13090500
13090999
13091733
13092747
13093000
13093150
13093383
13093550
13094000
13094700
13095050
13095360
13105000
13106000
13108150
13108900
13112000
13113000
13113500
13116500
13117020
13117360
13118700
13118975
13119000
13120000
13120500
13122000
13124265
13127000
13128900
13130300
13131000
13132100
13132373
13132500
13132513
13132515
13132520
13132535
13132565
13134556
13135000
13135500
13135520
13136550
13137000
13137300
13137500
13138000
13138650
13139500
13139510
13140335
13140800
13141000
13141500
13142500
13147900
13148500
13150430
131504301
13152500
13152940
13153500
1315377299
13153773
13153776
13153778
13153779
13153783
13154400
13154500
13154510
13155074
13155620
13155700
13155750
13155800
13157000
13157015
13157105
13157110
13157120
13157125
13157130
13157160
13157291
13157293
13157296
13157300
13157305
13157310
13157315
13157325
13157340
13157370
13159800
131610556
13161070
13161500
13161930
13162225
13168500
13168600
13169000
13169450
13169500
13170300
13170350
13170700
13170800
13170900
13171100
13171200
13171300
13171340
13171345
13171620
13172240
13172410
13172420
13172455
13172500
13172505
13172775
13172890
13173500
13173600
13174500
13175100
13176400
13177985
13178000
13181000
13183000
13184870
13185000
13186000
13190500
13190505
13192200
13200000
13202000
13203510
13204640
13206000
13206305
13206400
13207000
13207500
13210045
13210050
13210810
13210824
13210831
13210980
13210983
13210986
132109867
13211205
13211309
13212549
13212890
13213000
13213072
13213100
13215000
13215480
13216500
13217500
13233300
13235000
13236500
13237920
13238322
13239000
13240000
13245000
13246000
13247500
13249500
13250000
13251000
13256800
13258500
13265500
13266000
13269000
13275300
13289960
13290190
13290450
13292000
13292280
13292380
13293350
13294600
13294640
13294880
13295000
13296000
13296500
13297330
13297350
13297355
13297380
13297500
13299255
13299280
13301620
13302005
13302500
13302600
13303030
13303070
13303200
13303500
13304050
13304490
13304700
13305000
13305260
13305310
13306336
13306370
13306375
13306385
13307000
13309220
13310199
13310520
13310565
13310570
13310660
13310670
13310700
13310800
13310850
13311000
13311250
13311450
13313000
13314300
13315750
13315755
13315760
13315765
13316500
13316535
13317000
13317660
13324300
13325000
13327000
13329770
13330000
13330050
13330300
13330500
13330700
13331450
13331500
13333000
13334300
13334450
13334700
13335050
13335690
13335700
13336500
13336635
13337000
13337095
13337500
13338500
13338950
13339500
13340000
13340600
13340615
13340760
13340780
13340855
13341050
13341140
13341570
13342200
13342245
13342250
13342295
13342340
13342450
13342500
13344500
13345000
13346800
13348000
13349200
13349210
13349320
13349325
13349410
13351000
14010000
14010800
14012000
14013000
14013500
14013700
14015000
14015350
14016820
14017000
14018500
14020000
14020300
14020850
14021000
14022500
14023500
14026000
14032000
14033500
14034470
14034480
14034500
14034608
14036860
14038530
14040600
14043840
14044000
14046000
14046500
14046778
14046890
14047390
14048000
14050000
14050500
14051000
14052000
14052500
14054000
14054500
14056500
14057500
14060000
14063000
14063300
14064500
14065500
14066500
14068500
14069000
14069500
14070000
14070500
14070615
14070621
14070624
14070900
14074630
14074900
14075000
14076500
14078260
14080500
14087380
14087400
14088000
14090350
14090400
14091500
14092110
14092150
14092500
14092750
14092885
14093000
14095500
14096300
14096850
14097100
14101500
14103000
14105700
14107000
14111400
14113000
14113200
14115815
14118500
14120000
14123500
14128500
14131400
14134000
14136500
14137000
14137002
14138720
14138800
14138850
14138870
14138900
14139700
14139800
14139940
14140000
14141500
14142500
14142580
14142800
14144700
14144800
14144805
14145500
14146500
14147200
14147500
14148000
14150000
14150250
14150300
14150800
14151000
14152000
14152500
14153500
14154500
14155500
14157500
14158500
14158740
14158790
14158798
14158850
14159000
14159100
14159110
14159130
14159200
14159500
14161100
14161500
14162050
14162200
14162440
14162450
14162500
14163000
14163150
14163900
14164550
14164700
14164900
14165000
14165500
14166000
14166500
14167000
14169000
14170000
14171000
14171600
14172000
14173500
14174000
14174450
14178000
14178610
14178700
14179000
14179100
14180300
14181500
14181750
14182400
14182500
14183000
14184100
14184300
14185000
14185600
14185700
14185865
14185900
14187000
14187200
14187500
14187600
14188610
14188750
14188800
14189000
14190500
14190610
14191000
14192500
14193000
14194000
14194150
14194300
14196000
14197900
14198400
14198500
14199704
14200000
14200100
14200300
14200400
14200700
14201300
14201340
14201500
14202000
14202550
14202650
14202980
14203500
14203750
14205350
14205400
14206241
14206425
14206900
14206950
14207000
14207500
14208000
14208300
14208700
14209000
14209250
14209500
14209700
14210000
14210750
14211010
14211315
14211400
14211499
14211500
14211542
14211550
14211720
14211814
14211820
14211895
14211898
14211901
14211902
14216000
14216500
14219000
14219800
14220500
14222500
14226500
14231000
14231900
14232500
14233400
14233500
14236200
14238000
14240525
14241100
14241500
14242580
14243000
14246900
14299800
14300350
14301000
14301340
14301500
14302480
14302900
14303200
14303600
14304350
14305500
14305800
14306030
14306032
14306100
14306340
14306400
14306500
14306900
14306950
14307580
14307605
14307620
14308000
14308500
14308600
14308910
14308990
14309000
14309500
14310000
14311500
14312000
14312170
14312330
14312490
14312500
14313200
14313500
14313700
14314500
14314700
14315500
14315700
14315950
14316000
14316455
14316495
14316500
14316700
14317600
14318000
14319500
14319830
14319835
14319850
14320700
14320934
14321000
14321400
14322810
14325000
14326300
14326510
14327000
14327150
14327250
14328000
14330000
14332000
14334700
14335072
14335200
14335500
14337500
14337600
14337800
14337830
14337870
14338000
14339000
14342500
14348430
14353000
14353500
14354200
14357500
14359000
14361500
14362000
14362250
14366000
14369500
14371500
14372300
14372500
14375100
14375400
14377100
14378200
14400000
15008000
15015595
15022000
15024800
15039900
15040000
15041200
15049900
15050000
15051010
15052000
15052495
15052500
15052800
15053200
15055500
15056030
15056095
15056210
15056280
15056500
15056560
15057580
15057590
15057596
15058700
15068040
15072000
15081495
15081497
15081610
15081614
15081995
15085100
15085697
15085800
15085900
15086225
15086960
15087080
15087300
15087500
15087565
15087570
15087585
15087618
15087690
15087700
15087735
15087810
15088000
15088200
15099900
15100000
15101490
15106970
15109048
15129000
15129120
15129500
15129510
15129600
15199500
15200280
15209700
15209750
15209770
15214000
15215900
15215990
15215992
15216000
15216003
15216008
15219000
15225996
15225997
15225998
15226620
15227090
15236000
15236210
15236900
15237030
15237360
15237730
15238450
15238500
15238600
15238648
15238820
15238978
15238982
15238984
15238985
15238986
15238990
15239001
15239050
15239060
15239070
15239500
15239900
15241600
15243900
15258000
15261000
15266110
15266150
15266300
15266500
15271000
15272280
15272380
15272502
15273045
15274000
15274550
15274600
15275100
15276000
15276200
15276320
15280200
15280999
15281000
15281500
15283700
15284000
15285000
15286000
15290000
15291000
15291500
15291700
15292000
15292400
15292700
15292780
15292800
15293200
15293700
15294005
15294080
15294100
15294345
15294350
15294500
15294640
15294700
15294900
15295700
15297475
15297485
15297580
15297585
15297610
15297617
15297625
15298040
15300200
15300250
15300300
15300500
15300520
15301500
15302000
15302070
15302200
15302250
15302300
15302320
15302500
15302812
15303011
15303600
15303700
15303900
15304000
15304010
15304293
15304400
15310002
15320100
15330000
15331000
15348000
15356000
15388030
15388060
15389100
15392000
15407500
15446000
15452100
15452300
15453500
15457790
15457800
15476000
15477730
15477740
15477761
15477768
15477770
15477790
15478040
15484000
15485500
15493000
15493400
15493700
15511000
15514000
15515048
15515060
15515080
15515500
15518020
15518040
15518080
15519030
15519100
15519150
15534800
15564450
15564860
15564879
15564900
15565400
15565447
15565700
15580095
15583500
15621000
15625850
15625900
15635000
15743850
15744500
15746900
15746980
15746983
15746988
15746990
1574699020
15746991
15747000
15798700
15803000
15820000
15860000
15861000
15862500
15875000
15896000
15904800
15905100
15906000
15908000
15955000
15960000
15980000
16010000
16016000
16019000
16031000
16036000
16052350
16052400
16055500
16057900
16060000
16060950
16061200
16062000
16068000
16069000
16071000
16071500
16077000
16079000
16088000
16097500
16103000
16108000
16114000
16200000
16208000
16210100
16210200
16210500
16211600
16211800
16212480
16212490
16212601
16212800
16213000
16216000
16225800
16225900
16226000
16226200
16226400
16226700
16227500
16229000
16229300
16232000
16237600
16238000
16238500
16240500
16241600
16242500
16244000
16246000
16247100
16247150
16247550
16247900
16249000
16249500
16249900
16250000
16254000
16260500
16264690
16265000
16265600
16270900
16272200
16273950
16274100
16274950
16275000
16278500
16279200
16283200
16283600
16283700
16284200
16286000
16287000
16287200
16294100
16294900
16295300
16296500
16301050
16302000
16303000
16304200
16325000
16330000
16345000
16400000
16403900
16405100
16405300
16405500
16408000
16409000
16414200
16415000
16415600
16417200
16417800
16419500
16500800
16501200
16508000
16509000
16518000
16521300
16522950
16527000
16527500
16536000
16545000
16552800
16570000
16587000
16595100
16595200
16599500
16604500
16605500
16611500
16614000
16618000
16620000
16638500
16641000
16643100
16647000
16647900
16681000
16682000
16700600
16701300
16701600
16701800
16704000
16713000
16717000
16717700
16717815
16720000
16720300
16720500
16724800
16725000
16726000
16727000
16732800
16751500
16756100
16757000
16758000
16759000
16759600
16764000
16770500
214103157573101
214150157580501
250802081035500
251003080435500
251032080473400
251033080440800
251115081075800
251127080382100
251152080370900
251154080471900
251203080480600
251209080350100
251241080385300
251253080320100
251338080312600
251341080291200
251355080312800
251433080265000
251440080262800
251549080251200
251816080232200
252019080544800
252230081021300
252551081050900
253047080555600
253357080594100
254157080213800
254543080405401
254543080491101
254645080394401
254711080392601
255022080370201
255035080365201
255154080371300
255327081275900
255432081303900
255534081324000
255654081350200
260856081204100
260918081165700
260918081185700
260919081163200
260919081173000
260920081153600
260930081151200
260946081145500
260954081144200
260955081145000
260958081135700
260958081141600
260959081130300
260959081132000
261001081122200
261002081095800
261002081110300
261003081091600
261004081073800
261004081082000
261005081061600
261005081070100
261006081045300
261006081051700
261006081053300
261007081040900
261008081023700
261008081031300
261010081013800
261011081002900
261011081005400
261012081000500
261013080592100
261015080575000
261015080580900
261017080560400
261017080565100
261018080545400
261018080552700
261533080571600
261543080495000
261808081042800
262038080584600
264514080550700
265501080364900
272524080221800
280242081531600
280441081520200
280531081520501
280557081512300
280634081513200
280651081502900
280809081535800
291841083070800
291930083082800
292224090424200
292440090465600
292859090004000
294905089525100
295124089542100
295308085143700
295323085151700
295501090190400
301141089320300
302549084152900
302556082433800
302623082434200
330304090210100
330339091022000
330548091055100
333420090445900
333601090450000
334334106544910
334606106531010
340229116510601
340242116492901
341404090385600
341550090391300
351848111323301
352025111332401
352533118494601
355422119223201
362605114163001
362734114124201
373507121472101
373559097165000
373947105421101
375450121331701
375622121332201
381424121405601
381427121305401
381502121411201
381732121393801
381749121400201
381807121413801
381905121413901
381917121411701
382006121401601
382010121402301
382628104493700
382629104493000
383019121350701
383103106594200
383619104520401
383637104531301
383926107593001
383944104474201
384037104472001
384047104510301
384048104504901
384220104503701
384301106505401
384609106520001
384611106520501
384658106521901
385106106571000
385202111121601
385446094430700
385520094420000
385608094380300
385613114250402
385903107210800
391035084344300
391040084343800
391040084344200
391043084343500
391059084342600
391059084345500
391100084344300
391101084344900
391104084343000
391509108433001
391953108130201
392547106023400
393040105340400
393109104464500
393647105425317
394115105525600
394220106431500
394308105413800
394329104490101
394359105411900
394634105465800
394839104570300
395240105095500
395246105111800
395253105095500
395253105131700
395301105120800
395304105105100
395306105131700
395308105123100
395309105114100
395313105110500
395342105110800
395347105120900
395349105114900
395358105110500
395403105104700
395407105095900
395452105113800
400016105490800
400423082353500
400423082354100
400448082452500
400918082012700
401530105475401
401707105395000
401723105400000
401733105392404
402004090030901
402025116403501
402114105350101
402304084230100
402356109253101
402427109260201
402913084285400
402958084363300
403846111192601
404019111295001
404527081325100
404543082490800
404631081545100
404702081193500
404755081531300
404755081531900
404755082550600
404901083053600
410014081362600
410051081594500
410121081330300
410433081312500
410845095584201
410853095575601
411126096003101
411232096012401
411316112132201
411337096004501
411403112200801
411535096020301
411607084241200
411610084240800
411613096022601
411829096004801
411955088280601
412122083061400
412141081412100
412238070403701
412321070401701
412325081415500
412453081395500
412458112130601
412522112053901
412523112073901
412523112093301
412624081450700
412630070400301
420425122361700
423323099520101
423552100085501
423645088595501
423740088592701
423754099522201
423815118453900
423830118453200
424325118495900
424547118503500
424551118503200
424722099200801
425250100334501
431112088281100
431208089314901
431212089314801
431655089393801
4323401155133
433247110491701
435300103270800
435449087461400
4355501121634
4357331144813
441344122095400
441400122123000
441411073544501
441504122105500
441520088045002
441729073571801
442004073540301
443855106051201
443904106052301
452736122294900
452737122231400
452755122234100
452807122215001
462023120075200
462622096404600
463138110580001
463836090423701
464129096453101
464907097015500
465213097003901
465511097363300
465655096461600
465752096573000
465810096523400
470023097144700
470213096552500
470909097380400
480608115242901
483517101595000
